ParticipantID,edu,eduother,engnative,engyrs,politics,religion,age,ethnicity,gender,comments,Index1,VICTIM_PERP,Temporary_Continuous,Complete_Partial,Contagious_Isolated,resilience,harmed,tainted,disobeyed,Blame
R_2qqQ9HOVoB5v09Q,2, ,1, ,7,7,22,privileged/white,2,thanks for a good survey!,P_TRM_8,P,temporary,complete,contagious,0,3,3,3,7
R_x90LDisWxr7fGMN,5, ,1, ,3,4,55,white,2, ,P_TIM_8,P,continuous,complete,contagious,3,1,4,5,6
R_3CI7d2dIhrPmzG6,4, ,1, ,6,1,30,white,2, ,P_PIN_8,P,continuous,partial,isolated,2,0,0,0,7
R_11iHTsAARuc2pTe,3, ,1, ,3,5,29,White,1, ,P_PRM_8,P,temporary,partial,contagious,2,2,2,1,5
R_3humwd0K2WT1ZNn,3, ,1, ,3,6,44,white,1,Hope I was of assistance,P_TRN_8,P,temporary,complete,isolated,2,5,6,3,6
R_T5wdrwMG3kjYLRL,4, ,1, ,2,7,49,African American,2, ,P_PIN_8,P,continuous,partial,isolated,5,3,2,4,0
R_3EQIRqCJaIkdKmt,3, ,1, ,4,5,40,white,2, ,P_TIM_8,P,continuous,complete,contagious,1,0,0,0,7
R_3nGHjqlI8AOxCSA,2, ,1, ,4,2,74,white,1,no,P_PRN_8,P,temporary,partial,isolated,2,1,6,1,7
R_2wbouJOtW8gIwRE,5, ,1, ,4,2,41,white american,2, ,P_TRM_8,P,temporary,complete,contagious,6,4,5,4,0
R_1obU5YZOSdvVaDg,3, ,1, ,6,4,27,African-American,1, ,P_TRN_8,P,temporary,complete,isolated,2,2,3,0,1
R_3fxBLeglSKRJbgA,4, ,1, ,4,6,30,Caucasian,2, ,P_PIM_8,P,continuous,partial,contagious,3,3,3,3,7
R_xaUWogueNbTPRIt,3, ,1, ,5,2,46,Hispanic,1, ,P_PRN_8,P,temporary,partial,isolated,3,0,0,0,7
R_PLpC5gXv0WQIoAp,3, ,1, ,7,2,21,White,2, ,P_TRN_8,P,temporary,complete,isolated,5,4,5,3,7
R_1OwqmZyiDmJLB1S,4, ,1, ,2,4,29,white,1, ,P_PIN_8,P,continuous,partial,isolated,2,1,2,1,7
R_1OQ2xI4X2NhZGnT,4, ,1, ,6,3,64,afr am,2,no,P_PIN_8,P,continuous,partial,isolated,2,1,6,1,4
R_2w48MVazhYhu6Nz,3, ,1, ,4,1,34,Caucasian,1,Nope,P_PRM_8,P,temporary,partial,contagious,2,1,5,0,6
R_31jtFTuYmPzxnQZ,5, ,1, ,1,5,45,White,1,"No comments, but thank you.",P_TRM_8,P,temporary,complete,contagious,6,5,6,6,7
R_bxecHtVF6oALvcB,4, ,1, ,3,1,56,White,2, ,P_TRN_8,P,temporary,complete,isolated,6,6,6,6,7
R_OpoieJ4mKDLopgZ,2, ,1, ,4,6,30,caucasian,2, ,P_PRM_8,P,temporary,partial,contagious,5,5,4,0,7
R_dgLmC5SUFAUAPTj,2, ,1, ,5,3,23,African American,2, ,P_TRM_8,P,temporary,complete,contagious,6,3,2,5,0
R_vIGls8Ciie0Zjln,3, ,1, ,3,6,29,American,1,No,P_PRN_8,P,temporary,partial,isolated,3,0,0,0,7
R_1QuD2N6UPlkQokt,4, ,1, ,4,6,36,caucasion,2,no,P_PIM_8,P,continuous,partial,contagious,5,2,2,2,4
R_1IWx3FvIYB9ZcHF,7, ,1, ,5,5,50,White,2,"The scenario stated that Kim mugged someone; the questions didn't seem to make a lot of sense from this perspective, but I answered the questions as if Kim had been doing the mugging.",P_PIM_8,P,continuous,partial,contagious,2,3,1,1,7
R_3R2srxNxeUp2lFX,6, ,1, ,7,7,49,black,2, ,P_TRN_8,P,temporary,complete,isolated,3,4,4,3,5
R_1PSQQ1Hg9cjZaq5,5, ,1, ,3,6,38,Black,2, ,P_PRM_8,P,temporary,partial,contagious,2,4,6,6,5
R_Y62vCSyiPa1okKd,3, ,1, ,5,6,23,Mixed,1,Thank you for putting work on mturk,P_PRN_8,P,temporary,partial,isolated,5,1,6,7,7
R_2QFgJUwAEZ2rXrF,4, ,1, ,7,1,29,White,2,no.,P_TIM_8,P,continuous,complete,contagious,2,7,3,0,6
R_3GrJBkdsxm4pXHH,3, ,1, ,4,1,28,White,1, ,P_PIM_8,P,continuous,partial,contagious,3,5,4,4,7
R_dm5SZ1aq606iozD,4, ,1, ,4,5,63,WHITE,2,NO,P_TIM_8,P,continuous,complete,contagious,3,0,4,0,7
R_3nc0oU5fVPHovXw,5,N/A,1, ,4,5,35,White/Caucasian/American,2,Everything was clear and easy to understand.,P_PIM_8,P,continuous,partial,contagious,5,4,1,4,3
R_bmijhMLdg048dIp,4, ,1, ,4,1,39,African American,1,none,P_PIN_8,P,continuous,partial,isolated,1,2,0,0,7
R_ZIgUsReoeGagxCV,5, ,1, ,7,1,25,white,2,no,P_PIM_8,P,continuous,partial,contagious,4,1,0,1,6
R_1LNWXWPY6E4axcg,3, ,1, ,2,3,43,white,2,no,P_PRM_8,P,temporary,partial,contagious,3,7,6,4,0
R_2TBnAI4SsVDUPb7,4, ,1, ,7,6,57,white,2,no,P_PIM_8,P,continuous,partial,contagious,6,4,1,0,6
R_2do2qDxXHc0o9o0,3, ,1, ,4,1,26,Black,1,It stated at Kim mugged someone not Kim was mugged,P_TRM_8,P,temporary,complete,contagious,0,2,4,0,7
R_3Dj9GsInVKZAu06,4, ,1, ,6,1,33,Asian,1, ,P_PRM_8,P,temporary,partial,contagious,2,0,2,0,6
R_1rjP662R8VHTfzw,4, ,2,12,4,1,24,Chinese,1, ,P_PRM_8,P,temporary,partial,contagious,3,5,4,3,7
R_2AG7IE7qMvH6tDk,6, ,1, ,2,1,63,caucasian,2,If Kim did the mugging why are the questions posed as though she were the person mugged?,P_PIM_8,P,continuous,partial,contagious,5,1,1,1,7
R_sG5g8HOnyJgspih,3, ,1, ,1,7,39,White,2, ,P_PRN_8,P,temporary,partial,isolated,2,0,6,0,7
R_3sys6w4iibAJG8y,5, ,2,12,4,4,28,hispanic/Latino,1, ,P_TRN_8,P,temporary,complete,isolated,4,4,4,4,4
R_vriWyOc2GgAxKAF,5, ,1, ,2,2,61,White,1, ,P_PRM_8,P,temporary,partial,contagious,0,0,0,0,7
R_1OITvMTeDrY9MuF,2, ,1, ,4,6,51,WHITE,1,NONE,P_TRN_8,P,temporary,complete,isolated,3,2,4,3,7
R_10x6pMYLzrsdDHh,3, ,1, ,6,5,38,African American,2,No,P_TRM_8,P,temporary,complete,contagious,2,4,4,1,7
R_RCV9N1L9ikAV0m5,4, ,2,12,4,5,41,Chinese,2, ,P_PIN_8,P,continuous,partial,isolated,3,0,0,7,7
R_2VaRXiqtfrXTUaa,2, ,2,10,4,7,33,Asian,2,thank you,P_TIM_8,P,continuous,complete,contagious,4,0,7,7,7
R_UoQrGBGiJTHBb9f,3, ,1, ,3,2,27,White,1, ,P_TIM_8,P,continuous,complete,contagious,3,5,4,4,7
R_10HkyPLToE9xncZ,4, ,1, ,6,2,31,Caucasian,1,No concerns,P_PIM_8,P,continuous,partial,contagious,3,4,5,2,5
R_1P4Zr0t8dvkzYoV,4, ,1, ,4,5,29,White,2, ,P_TIN_8,P,continuous,complete,isolated,1,5,4,0,0
R_1mQqrRLc4pCoIFF,4, ,1, ,3,6,27,none,1, ,P_PRN_8,P,temporary,partial,isolated,4,2,3,3,5
R_2VxU5zt71O3wAOc,3, ,1, ,4,4,42,White,2, ,P_TRM_8,P,temporary,complete,contagious,4,3,4,2,6
R_1EUQ8ucWicsczXr,5, ,1, ,6,1,40,European,1, ,P_PRN_8,P,temporary,partial,isolated,3,6,6,6,1
R_2bMbu85tKSxp7rz,3, ,1, ,5,2,25,Caucasian,1, ,P_TRM_8,P,temporary,complete,contagious,0,0,1,1,6
R_1rk9NhHKGTgsY0z,4, ,1, ,6,5,31,Caucasian,2,"The question said that Kim mugged someone, not that she was mugged, and yet the follow up questions seemed to be questions someone would ask of a mugging victim. For example ""Was she responsible for the mugging?"" She did it, so of course she was. I rereadthe scenario a few times just to make sure I didn't misread it.",P_TIM_8,P,continuous,complete,contagious,3, ,4,1,7
R_1rB4NTXKvqfOsGS,4, ,1, ,5,1,35,Caucasian,2,Thank you!,P_TIN_8,P,continuous,complete,isolated,2,3,3,3,6
R_D1WJ7a4A0nmZCJX,4, ,1, ,4,1,57,american,2, ,P_PRN_8,P,temporary,partial,isolated,4,4,5,1,7
R_effH5meU2dPTJ17,5, ,1, ,2,6,30,American,2,no,P_TIM_8,P,continuous,complete,contagious,2,3,5,1,7
R_1B5tbPfomxxW62t,3, ,1, ,5,5,48,white,1,The survey questions suggested that the question would be that Kim was MUGGED but I doubled checked and it was her who did the mugging so I answered with that in mind.,P_PIN_8,P,continuous,partial,isolated,1,1,2,1,6
R_21AJZ2b9D0NyuQ8,2, ,1, ,1,7,40,white,2, ,P_TRN_8,P,temporary,complete,isolated,2,1,2,2,7
R_OrJvjONPqBs9ZDj,7, ,1, ,6,4,31,European American,2,"The wording was confusing, ""Kim mugged someone..."" Then, the questions seemed to be for a situation in which Kim was mugged.",P_PIM_8,P,continuous,partial,contagious,4,1,1,1,7
R_3nu3SGWlLVGAaAy,4, ,1, ,4,4,41,HISPANIC,1, ,P_TRM_8,P,temporary,complete,contagious,3,3,4,4,5
R_2YWIflVgXkBTxo2,5, ,1, ,6,2,32,Black,2, ,P_TRN_8,P,temporary,complete,isolated,2,0,1,0,5
R_2DS5Hry8GZTBzuK,3, ,1, ,5,4,24,Asian,2, ,P_TRM_8,P,temporary,complete,contagious,2,2,4,1,5
R_2QizN8SbVVLGfqb,4, ,1, ,4,1,28,WHITE,2, ,P_TIN_8,P,continuous,complete,isolated,3,4,6,4,1
R_1OTQ0vSgnlDon4i,3, ,1, ,7,1,49,white,2, ,P_PRM_8,P,temporary,partial,contagious,4, ,6,1,7
R_3L6e831H2qQsbGG,4, ,1, ,7,1,39,Vietnamese,1,no,P_PIM_8,P,continuous,partial,contagious,5,4,4,4,6
R_zZ2XZRE5oMpYHXH,4, ,1, ,5,6,65,caucasian,2, ,P_TRM_8,P,temporary,complete,contagious,1,0,1,0,7
R_2aVAPpp1rpNA6Sl,5, ,1, ,6,1,26,White (non-hispanic),1, ,P_TIM_8,P,continuous,complete,contagious,4,0,0,0,6
R_1gnjh1HiHp8DdTj,4, ,1, ,6,2,23,white,2, ,P_PRN_8,P,temporary,partial,isolated,3,2,4,1,6
R_CmKtCXemLI1ylMt,3, ,1, ,3,5,55,white,2,none,P_TRN_8,P,temporary,complete,isolated,1,4,4,2,0
R_OJpqPssG2I2FIbv,4, ,1, ,5,3,38,black,2, ,P_TRN_8,P,temporary,complete,isolated,1,7,6,2,7
R_11X742WGuDld8tB,3, ,1, ,7,1,24,White,2,No,P_PIM_8,P,continuous,partial,contagious,2,0,4,0,7
R_3g5XL2kRh1auKKY,2, ,1, ,6,4,36,hispanic,1,thx,P_TIN_8,P,continuous,complete,isolated,1,6,6,0,6
R_2TtVCvDM48R2Zq1,5, ,1, ,6,1,36,Japanese,2,No,P_TRM_8,P,temporary,complete,contagious,3,4,4,0,5
R_2fKdIrp1ZHKe7BP,3, ,1, ,5,1,45,White,1,no,P_TIM_8,P,continuous,complete,contagious,3,3,4,3,4
R_2dWIN2FZn8fHR4v,3, ,1, ,2,5,69,white,2,none,P_TRN_8,P,temporary,complete,isolated,0,0,0,0,7
R_1djobX4nT2do46m,3, ,1, ,1,7,25,Caucasian,2, ,P_TIN_8,P,continuous,complete,isolated,1,0,1,0,7
R_AAJafXuTWoRjsK5,3, ,1, ,2,7,25,caucasian,1, ,P_PIM_8,P,continuous,partial,contagious,3,2,4,1,6
R_1d9UVHvegdmJ7Ne,7, ,1, ,4,2,27,Indian,1, ,P_TIN_8,P,continuous,complete,isolated,4,1,7,5,7
R_1mKryCOBfsaKmfa,5, ,1, ,4,2,45,caucasian,2, ,P_PRN_8,P,temporary,partial,isolated,3,7,0,6,0
R_3Du31LT6RWT4qZ3,3, ,1, ,4,1,54,Caucasian,1,no,P_TRM_8,P,temporary,complete,contagious,5,0,2,1,7
R_1OT7sf8RWZ4Ovvg,4, ,1, ,4,1,42,white,2,n/a,P_TIM_8,P,continuous,complete,contagious,3,4,4,3,5
R_3dGRQE04GkGW2jE,4, ,1, ,6,1,33,Black,2, ,P_PRN_8,P,temporary,partial,isolated,4,1,4,1,5
R_8kroHszwE6grZF7,4, ,1, ,3,1,28,White,1,No,P_PRN_8,P,temporary,partial,isolated,1,0,0,0,7
R_W05S3kg0yqX0exH,5, ,1, ,7,3,32,White,1, ,P_TRN_8,P,temporary,complete,isolated,2,2,2,2,7
R_3iU4gh6kSqxGUjE,3, ,1, ,2,6,43,Caucasian,2, ,P_TIN_8,P,continuous,complete,isolated,2,3,3,1,4
R_3p0cIZtPlRHpSlM,4, ,1, ,6,2,38,Caucasian,2, ,P_TIM_8,P,continuous,complete,contagious,6,0,0,0,7
R_2uKGhT3sqmEXBkg,4, ,1, ,4,1,45,White,1, ,P_TIM_8,P,continuous,complete,contagious,2,0,1,0,6
R_O39u4yJdgCJspy1,4, ,1, ,5,5,38,chinese,1, ,P_TRM_8,P,temporary,complete,contagious,3,4,7,7,6
R_2xXFo0ofR5n4tWK,4, ,1, ,4,7,34,filipino,2, ,P_PIN_8,P,continuous,partial,isolated,4,4,4,2,5
R_1H8kBwTTSOuSreI,2, ,1, ,3,6,34,Cuacasian,2, ,P_PRM_8,P,temporary,partial,contagious,0,0,0,0,7
R_12umyeAAVL8YgrP,4, ,1, ,7,2,41,Caucasian,2,no,P_TIM_8,P,continuous,complete,contagious,6,0,0,0,6
R_2uJPkLNUywOm8f9,5, ,1, ,7,6,5,white,2,thank you,P_TIN_8,P,continuous,complete,isolated,4,4,5,3,5
R_2Vxc0pkarXWikK0,5, ,1, ,4,6,28,white,2,"I think there was a typo with this survey. I think it should have been ""Kim was mugged by someone"" instead of Kim mugged someone. Or maybe I am wrong.",P_TIM_8,P,continuous,complete,contagious,6,2,6,1,7
R_1nNJ7gTvV2fS7p2,4, ,1, ,6,1,28,white,2,Was Kim the mugger or the one being mugged?  Intro said she was the mugger but questions made it seem like she had been mugged.,P_TRN_8,P,temporary,complete,isolated,3,2,3,3,5
R_3M0tiDScfECv3DB,4, ,1, ,3,2,23,chinese,1,no,P_TRM_8,P,temporary,complete,contagious,4,7,7,7,0
R_2tDcgHqs3NN2Jhn,4, ,1, ,6,6,46,Hispanic,2,No,P_PRN_8,P,temporary,partial,isolated,5,5,5,2,6
R_em8RL1tP586FukF,4, ,1, ,6,1,27,Chinese,1, ,P_PRN_8,P,temporary,partial,isolated,2,0,4,1,6
R_1Iz36MdtsSNoVJz,5, ,1, ,2,7,32,hispanic,2, ,P_TIN_8,P,continuous,complete,isolated,4,6,6,6,1
R_2eXrsEp5zjuOwdu,4, ,1, ,4,4,27,African American,1, ,P_TRM_8,P,temporary,complete,contagious,4,4,1,2,0
R_1LpcU7QpFppcomm,4, ,1, ,2,2,40,White American,1,no,P_TRN_8,P,temporary,complete,isolated,1,0,0,0,7
R_2tsbBDVLIvWp6gx,4, ,1, ,6,1,24,caucasian,2, ,P_PIN_8,P,continuous,partial,isolated,2,1,2,1,7
R_22A3gMOVO3e5fUr,5, ,1, ,5,2,23,white,2,"If Kim mugged someone, wouldn't she hold all the responsibility for the mugging?",P_TIM_8,P,continuous,complete,contagious,2,3,5,4,6
R_cAbVEZju5d3qzop,3, ,1, ,4,1,30,White,2,no,P_PIM_8,P,continuous,partial,contagious,1,0,0,0,0
R_1LJqZf8qOco2v9T,3, ,1, ,4,6,19,White,1, ,P_TIN_8,P,continuous,complete,isolated,1,5,6,3,5
R_1ieafj6LGRwJ93D,4, ,1, ,5,4,31,CAUCASIAN,2,slightly difficult to understand...,P_TRN_8,P,temporary,complete,isolated,4,6,6,6,6
R_W1iTGeKkemk9Vbb,5, ,1, ,7,3,27,Asian,2, ,P_PRM_8,P,temporary,partial,contagious,5,5,6,3,0
R_3kNccfEroDvWVFo,4, ,1, ,3,7,26,White,1, ,P_TIN_8,P,continuous,complete,isolated,1,5,5,4,7
R_sbx7nt8EO8Tf5It,3, ,1, ,6,6,20,hispanic,2,no,P_PRM_8,P,temporary,partial,contagious,3,4,4,4,6
R_1JDh7QTTFUDLRgS,6, ,1, ,6,1,55,White,1,I suspect that most people read the statement with Kim being the muggee rather than the mugger.  I read carefully and say Kim was the mugger.,P_PIN_8,P,continuous,partial,isolated,0,0,0,0,6
R_2wLvFcBhozWb58K,4, ,1, ,3,5,52,Caucasian,1, ,P_PIN_8,P,continuous,partial,isolated,3,2,5,2,7
R_rlrHiaW3un0fMkh,4, ,1, ,6,1,23,Caucasian,2, ,P_PIN_8,P,continuous,partial,isolated,2,1,0,0,7
R_tMMfZDwMPCsyvBL,5, ,1, ,6,2,38,white,1, ,P_PRM_8,P,temporary,partial,contagious,2,0,0,0,6
R_VJAsQvd2EEFKw2R,2, ,1, ,6,1,30,white,2,no,P_PIN_8,P,continuous,partial,isolated,5,0,4,0,7
R_2f3cBaumVSw6t4U,5, ,1, ,3,4,74,White,2, ,P_TIM_8,P,continuous,complete,contagious,3,6,6,6,1
R_21ncNjm9lyhQQW7,3, ,1, ,5,6,32,White,2, ,P_TIN_8,P,continuous,complete,isolated,1,1,1,0,7
R_2qsfkP9zJAF1tMF,3, ,1, ,3,2,35,white,1, ,P_PRN_8,P,temporary,partial,isolated,4,2,5,4,5
R_1LdSUnriyIK5bHi,4, ,1, ,5,5,35,white,1, ,P_TIN_8,P,continuous,complete,isolated,2,5,3,4,3
R_cx3x6A1CCRqam3f,7, ,1, ,3,5,36,White,2, ,P_PIM_8,P,continuous,partial,contagious,6,3,6,1,5
R_0eL9FQoiIFSHDkp,5, ,1, ,3,1,31,White,2, ,P_PRN_8,P,temporary,partial,isolated,2,3,5,2,5
R_2bOhYqbDi1QY7zu,4, ,1, ,7,1,50,white,2, ,P_PRM_8,P,temporary,partial,contagious,6,0,0,0,7
R_30iWnmYpsqaCrPr,4, ,1, ,6,4,33,hispanic,1, ,P_PRM_8,P,temporary,partial,contagious,2,2,4,1,7
R_2SCTEbNIymRGu8M,3, ,1, ,5,7,40,white,2, ,P_TIM_8,P,continuous,complete,contagious,2,3,0,5,7
R_1FLCqvDWy5GeKbU,3, ,1, ,5,1,29,Human,1, ,P_PIM_8,P,continuous,partial,contagious,4,5,4,2,6
R_2Cs7V2T5RDEjgl8,5, ,1, ,5,2,52,white,2,no,P_PRM_8,P,temporary,partial,contagious,4,2,3,1,6
R_rra1BAHKVv3Covf,3, ,1, ,3,2,50,White,2, ,P_PRN_8,P,temporary,partial,isolated,4,1,5,0,6
R_3L0jyHwcPszaCMx,3, ,1, ,7,1,23,white,2, ,P_TRM_8,P,temporary,complete,contagious,3,7,1,7,0
R_XNZVJ6QdaIwEHXr,3, ,1, ,2,1,26,White,2, ,P_PIN_8,P,continuous,partial,isolated,5,4,2,0,6
R_323hANh4BjhQXxK,2, ,1, ,5,7,53,White Caucasian,2,Thanks!,P_TRM_8,P,temporary,complete,contagious,3,6,7,0,7
R_2xXhRgiMniFOegX,2, ,1, ,4,1,42,White,1,I may have read this wrong and the way i saw it was Kim mugged someone and if not then my data is backwards.,P_TIM_8,P,continuous,complete,contagious,0,0,0,0,7
R_5sYtfDEVMLsT36F,5, ,1, ,7,2,23,White,2, ,P_PRN_8,P,temporary,partial,isolated,5,5,4,2,6
R_2t04v0HRRGlwiuk,4, ,1, ,6,5,29,caucasian,2,Those questions were a little tricky,P_TRM_8,P,temporary,complete,contagious,2,1,1,3,4
R_32JUYgmOgYfidvs,5, ,1, ,1,7,28,Black,2,none,P_TRN_8,P,temporary,complete,isolated,0,0,7,0,7
R_BJKyvB25auui3Id,2, ,1, ,4,3,28,Hispanic,2, ,P_PIN_8,P,continuous,partial,isolated,3,3,4,3,7
R_1fkjS1M22ZCpKfP,4, ,1, ,4,4,22,American,2, ,P_PRN_8,P,temporary,partial,isolated,3,4,5,3,5
R_z75FVKvMuQG34vT,4, ,1, ,6,6,27,Asian,2, ,P_TIN_8,P,continuous,complete,isolated,5,1,6, ,7
R_yUNVABhbC89fLXP,4, ,1, ,3,5,51,Caucasian,1,no,P_TRM_8,P,temporary,complete,contagious,1,1,2,0,6
R_23a9yxYxtEBvcf2,3, ,1, ,4,2,44,white,1,none,P_PIN_8,P,continuous,partial,isolated,4,5,1,1,5
R_115gQt5BEiAoVHN,4, ,1, ,6,1,37,white,2, ,P_PRN_8,P,temporary,partial,isolated,3,3,3,3,6
R_xzQu4FnTTvT3SA9,4, ,1, ,4,1,39,White,1,no,P_PIM_8,P,continuous,partial,contagious,4,0,7,5,5
R_qxTNCBTZ8gwYc25,4, ,1, ,5,2,24,asian,1,Make the ethnicity question a bubble answer with an option for other if people have to type it in.,P_TIN_8,P,continuous,complete,isolated,2,5,2,4,4
R_31ow7rXIzE2kVTA,5, ,1, ,4,6,42,white,2,Thank you a lot for giving the survey! Have a wonderful day :),P_TRN_8,P,temporary,complete,isolated,4,5,4,4,4
R_28IGCq92CgejU96,3, ,1, ,2,5,46,Caucasian,2,"After reading the statement it is my understanding that Kin mugged an innocent person on April 7, 2013. Kim ultimately is responsible for harming another person. She had the ability to make a different decision.",P_TIM_8,P,continuous,complete,contagious,4,4,0,0,7
R_2V7xpHdYxOB2Qro,3, ,1, ,6,1,42,Blacks,2,n/a,P_TIM_8,P,continuous,complete,contagious,2,6,0,7,0
R_1rOgS8WINM93e3F,5, ,1, ,4,2,37,Caucasian,1,Thanks!,P_TIN_8,P,continuous,complete,isolated,2,0,4,1,7
R_24uuZg9qa0zAZcB,3, ,1, ,2,6,34,white,1,no,P_PIM_8,P,continuous,partial,contagious,2,0,5,0,6
R_2rZUGMQLX7AJODv,6, ,2,12,3,5,54,Asian,2, ,P_PRM_8,P,temporary,partial,contagious,5,4,4,3,5
R_DNWGyKpRox3laGl,7, ,1, ,4,3,31,White,1,Thank you for the survey!,P_TRM_8,P,temporary,complete,contagious,4,3,0,1,6
R_3JgUTpOjzXTJq08,4, ,1, ,5,5,26,asian,1,N/A,P_TRM_8,P,temporary,complete,contagious,5,5,5,4,5
R_p6mMJWFM0jms80h,4, ,1, ,5,1,24,Caucasian,1,The description about what happened to Kim during and after her treatment is confusingly vague.,P_TRN_8,P,temporary,complete,isolated,4,5,2,6,7
R_xzuOjkbuKzr63M5,4, ,1, ,5,2,26,white and asian,2,no,P_TRM_8,P,temporary,complete,contagious,5,5,4,3,5
R_2SeKIaDc4eLPeLd,3, ,1, ,7,2,59,African American,2,No.,P_PIN_8,P,continuous,partial,isolated,4,0,2,0,7
R_1CJ8oD2DnqzX2Qt,4, ,1, ,2,2,22,American,1,A straightforward and enjoyable survey.,P_TRN_8,P,temporary,complete,isolated,1,0,6,0,7
R_3oSdd0mggsMU31s,3, ,1, ,4,1,20,asian,2, ,P_TRN_8,P,temporary,complete,isolated,4,5,1,5,1
R_1Gxbw6CflBmUKML,3, ,1, ,4,1,46,American,1, ,P_PRM_8,P,temporary,partial,contagious,4,1,4,1,7
R_1isTBRWUzYnCDfC,3, ,1, ,4,4,33,White,2, ,P_TRM_8,P,temporary,complete,contagious,1,4,3,0,4
R_10MdxGkRGXCwnnU,7, ,1, ,6,3,50,African American,2, ,P_PRN_8,P,temporary,partial,isolated,3,4,3,4,5
R_UhmnZHOKk3sHAvT,5, ,1, ,7,1,45,White,1, ,P_PRN_8,P,temporary,partial,isolated,4,3,3,1,5
R_2tzq6R73R8CQIpq,4, ,1, ,6,1,23,Asian,2, ,P_PRN_8,P,temporary,partial,isolated,4,4,5,3,0
R_1OiXMyLBJwFlYWn,3, ,2,12,5,1,57,Chinese,1, ,P_TIM_8,P,continuous,complete,contagious,1,7,3,3,7
R_ZdvWM6kltHZ24Wl,4, ,1, ,2,6,39,White,2, ,P_PIM_8,P,continuous,partial,contagious,4,6,6,5,2
R_SDhkIwRLppjmwvL,2, ,1, ,3,3,32,black,2,none,P_TIN_8,P,continuous,complete,isolated,4,0,3,0,7
R_1lbfr07i6R6psmb,6, ,1, ,7,1,54,white,2,No.,P_TIN_8,P,continuous,complete,isolated,2,5,3,2,5
R_2TZCX8FsqDMDw0l,5, ,1, ,6,1,29,African American,1,None,P_PIM_8,P,continuous,partial,contagious,6,0,0,0,7
R_3lsoE6E1xbzECh7,4, ,1, ,2,2,32,white,1, ,P_TIM_8,P,continuous,complete,contagious,2,4,4,5,3
R_3rNCyqQXMGqfkcP,4, ,1, ,3,4,25,White,1, ,P_TIM_8,P,continuous,complete,contagious,5,3,4,2,7
R_Rekki0qcI34fiDL,7, ,1, ,3,3,33,Caucasian,1, ,P_TRM_8,P,temporary,complete,contagious,1,0,3,0,7
R_2OYMCTqJAJ3mZ7V,3, ,1, ,6,4,20,African-American,2,None,P_PRM_8,P,temporary,partial,contagious,1,2,0,1,6
R_2cvDn8wiHTyUFym,4, ,1, ,6,1,35,white,2, ,P_PIN_8,P,continuous,partial,isolated,2,1,5,0,7
R_2v6q6sXe1nAtrmG,4, ,1, ,3,2,23,White,1, ,P_PRN_8,P,temporary,partial,isolated,2,0,0,0,7
R_ZwVkTbwYYkJDPqx,4, ,1, ,4,1,34,white,2,Kim was the mugger in this scenario - not sure if it was a typo,P_TIN_8,P,continuous,complete,isolated,2,0,0,0,7
R_3fkMNaOEEOV91Tz,3, ,1, ,2,1,33,Caucasian,1, ,P_PIM_8,P,continuous,partial,contagious,3,1,2,2,7
R_wRhpg90XrHVa1BT,3, ,1, ,7,1,24,white,2,none at this time,P_PRN_8,P,temporary,partial,isolated,3,0,3,2,4
R_2S6T4UbKeAN06pp,2, ,1, ,3,6,23,White,1, ,P_TIN_8,P,continuous,complete,isolated,4,0,4,2,0
R_3nw3VNNZicNp5Fy,4, ,1, ,6,2,31,african american,1, ,P_TRN_8,P,temporary,complete,isolated,0,0,0,0,7
R_1GUnxyzRgdWh7k8,2, ,1, ,3,7,60,white,1,ty,P_PRN_8,P,temporary,partial,isolated,4,4,5,4,6
R_3EsgU6wc4Y5II9q,3, ,1, ,2,7,66,Black,2,Thanks !,P_TRN_8,P,temporary,complete,isolated,3,1,2,0,7
R_2tmMUHSsrYlNN53,2, ,1, ,5,7,23,black,2, ,P_PRN_8,P,temporary,partial,isolated,0,0,0,0,0
R_cYij9UlKS8cKxwZ,4, ,1, ,2,6,26,white,1, ,P_PIN_8,P,continuous,partial,isolated,3,6,6,7,0
R_2fDUX5JC567pz0f,3, ,1, ,4,6,30,Caucasian,2, ,P_PRM_8,P,temporary,partial,contagious,5,0,2,0,0
R_33DZMRCJ858Kt30,3, ,1, ,6,2,44,black,1, ,P_TRM_8,P,temporary,complete,contagious,0,0,7,0,7
R_bqtcUFT1Ka4ck1z,3, ,1, ,4,7,31,African American,2, ,P_PIM_8,P,continuous,partial,contagious,0,0,1,0,6
R_2YFLbCr1Ykj3eGd,7,n/a,1, ,5,1,38,white,1,none,P_TRM_8,P,temporary,complete,contagious,3,4,3,4,0
R_3lGEhZxGpPaRzo2,2, ,1, ,4,5,34,hispanic,2,none,P_PIM_8,P,continuous,partial,contagious,3,2,4,3,5
R_BLDPiWGZTW4H8Cl,4, ,1, ,4,1,32,White,1, ,P_TRN_8,P,temporary,complete,isolated,1,1,3,1,7
R_3HG5GgrAkDROrAO,4, ,1, ,7,1,33,african american,2,no technical issues,P_TIN_8,P,continuous,complete,isolated,1,5,6,5,7
R_ywNjbRRodApgncZ,3, ,1, ,7,1,19,Asian American,2, ,P_PRM_8,P,temporary,partial,contagious,1,3,1,3,0
R_28TARDmmsiuTN6v,7, ,1, ,6,2,61,Caucasian,2,no,P_TRN_8,P,temporary,complete,isolated,2,1,1,1,6
R_31ZvbeglqrUZuPR,4, ,1, ,4,4,35,White,2,none,P_PRM_8,P,temporary,partial,contagious,3,1,2,2,7
R_20PfS7Aiu5GRqK4,5, ,1, ,5,4,38,White,1,None at this time.,P_PRM_8,P,temporary,partial,contagious,2,5,5,1,5
R_2cnnAWSjBCsf56c,2, ,1, ,4,1,41,white,2,no,P_PIM_8,P,continuous,partial,contagious,2,1,4,0,6
R_3RlKsGVpIVm6fxX,2, ,1, ,3,4,26,Caucasian,2, ,P_PRM_8,P,temporary,partial,contagious,2,2,4,1,7
R_1E6j9OeECgRMO4C,4, ,1, ,1,1,31,white,2, ,P_PRN_8,P,temporary,partial,isolated,7,7,0,0,0
R_xbDUoP89TF71kmB,3, ,1, ,4,1,32,white,1,no,P_PRM_8,P,temporary,partial,contagious,3,4,5,1,6
R_0wV5GQ4jshbiavD,3, ,1, ,5,3,30,American,1,The situation was very undescriptive.,P_TRN_8,P,temporary,complete,isolated,3,0,1,0,6
R_2Uazd0INnuWLLPl,3, ,1, ,4,5,47,white,2, ,P_PIM_8,P,continuous,partial,contagious,4,2,0,0,5
R_3nxFqv7YCJiT2ni,5, ,1, ,3,6,52,white,2,NO,P_TRN_8,P,temporary,complete,isolated,3,0,0,0,7
R_2vi6rHX1u23UhCH,4, ,1, ,1,4,30,Caucasian,1, ,P_PRM_8,P,temporary,partial,contagious,4,6,5,7,0
R_3RqHBhoExQqJ50y,3, ,1, ,4,5,24,Filipino American,1,No thanks,P_TIN_8,P,continuous,complete,isolated,4,4,6,5,2
R_3G8MgBIv9bjfbyO,4, ,1, ,5,1,43,Caucasian/White,2, ,P_PRM_8,P,temporary,partial,contagious,2,0, , ,6
R_YPmZOurf0S8My4h,2, ,1, ,4,5,34,white,2,no,P_PRN_8,P,temporary,partial,isolated,3,2,3,4,7
R_a4qwlBjdg1m8jap,3, ,1, ,5,1,27,White,2,No,P_TRN_8,P,temporary,complete,isolated,4,1,3,1,6
R_tRu0CyhAhvKVR05,2, ,1, ,4,1,43,White,1, ,P_PRN_8,P,temporary,partial,isolated,3,2,1,1,0
R_upQC0vyHfyRCqZ3,2, ,1, ,6,5,35,Caucasian,1, ,P_TIM_8,P,continuous,complete,contagious,4, ,6,0,7
R_3JLyOKFDVhcSQPz,4, ,1, ,6,5,37,White,2,no,P_TIM_8,P,continuous,complete,contagious,2,3,2,4,6
R_6WInyN0hE4T5Eml,5, ,1, ,6,4,44,Caucasian,2, ,P_PIN_8,P,continuous,partial,isolated,4,6,0,7,0
R_3e4YGHnrwMvAlE4,4, ,1, ,7,1,25,White,2, ,P_PRM_8,P,temporary,partial,contagious,3,4,1,3,5
R_1N4SunP64buyxf4,4, ,1, ,4,5,39,White,1, ,P_PRN_8,P,temporary,partial,isolated,4,2,3,1,5
R_1GDhzwwteelOrib,3, ,1, ,3,7,39,European American,1,Please do not assume that religious means Christian.,P_PRM_8,P,temporary,partial,contagious,4,5,5,1,6
R_2wRC7Q0yUCCTAMm,4, ,1, ,2,6,39,caucasian,2, ,P_TIN_8,P,continuous,complete,isolated,1,3,3,2,7
R_1P7xwqJk2c6veNA,4, ,1, ,4,2,33,asian,1, ,P_TIM_8,P,continuous,complete,contagious,2,3,4,3,4
R_2UYMJedjQcq8YVo,5, ,1, ,4,4,35,White American,2, ,P_TRM_8,P,temporary,complete,contagious,2,5,5,3,7
R_2V9NQkykiuUDWCY,2, ,1, ,3,6,41,american,2, ,P_PRM_8,P,temporary,partial,contagious,3,4,3,4,7
R_1d3MjfS4SOLLkHv,5, ,1, ,6,1,30,white,2, ,P_PIM_8,P,continuous,partial,contagious,4,1,0,1,7
R_2bOk8lKFKSExd5B,5, ,1, ,6,3,26,asian,2, ,P_PRN_8,P,temporary,partial,isolated,5,5,3,2,1
R_UcP5hcsbpej37l7,5, ,1, ,6,1,25,Caucasian,2, ,P_PIM_8,P,continuous,partial,contagious,2,1,1,1,5
R_1o4IPWN9JU9kfHa,4, ,1, ,5,3,36,Caucasian,2,No,P_TRM_8,P,temporary,complete,contagious,1,5,7,2,0
R_1C89FHJnrwplQsb,3, ,1, ,7,1,30,white,1, ,P_TIM_8,P,continuous,complete,contagious,2,2,5,3,7
R_2DS5QwGslv98mOY,4, ,1, ,4,6,25,White,2,Fun Survey,P_PIM_8,P,continuous,partial,contagious,2,7,1,7,0
R_1jAPOpZ4CiNbq0g,4, ,1, ,2,6,50,Caucasian,2, ,P_PIN_8,P,continuous,partial,isolated,4,0,3,2,6
R_3I3SFXkY77P39kO,5, ,1, ,6,1,31,white,2,no,P_TRM_8,P,temporary,complete,contagious,4,6,2,7,0
R_2R3YifIxXKn21tj,4, ,1, ,4,5,23,Caucasian,2, ,P_PIN_8,P,continuous,partial,isolated,3,0,6,0,7
R_2VE1z1Itf8vBQEq,4, ,1, ,6,1,33,White/Hispanic,2,"No, good luck with your study!",P_PIN_8,P,continuous,partial,isolated,4,0,1,0,7
R_3kAqEPshT7iJxzN,3, ,1, ,6,5,43,american,2, ,P_TIM_8,P,continuous,complete,contagious,0,1,7,1,7
R_3OrySdq5h8cfCrK,4, ,1, ,4,2,28,white,1,no,P_PIN_8,P,continuous,partial,isolated,2,4,3,4,3
R_1JJH5qtSN3ruqXm,5, ,1, ,4,6,42,white,2,no,P_TIN_8,P,continuous,complete,isolated,1,6,6,0,6
R_3POh9D8a5qmXGp1,5, ,1, ,6,5,21,white,2, ,P_TRN_8,P,temporary,complete,isolated,4,5,5,4,5
R_31u447VtlWrmoiQ,3, ,1, ,6,2,61,Polish/Dutch,2, ,P_PRM_8,P,temporary,partial,contagious,4,2,2, ,7
R_2z8dzzwX8CVTKnz,5, ,1, ,4,3,26,asian,1,no,P_PRN_8,P,temporary,partial,isolated,4,4,5,6,6
R_5zQccCBEUWiac2l,4, ,1, ,3,7,27,American,2, ,P_PIM_8,P,continuous,partial,contagious,3,3,3,0,7
R_2ydeeS7F0OU5QdA,3, ,1, ,4,1,35,white,1, ,P_PRN_8,P,temporary,partial,isolated,1,0,0,0,7
R_DxkYeltpdHbPWwN,3, ,1, ,5,1,44,white,2, ,P_PRM_8,P,temporary,partial,contagious,2,2,0,0,2
R_2cBZ6PwLdkG8DLk,3, ,1, ,6,2,40,white,1, ,P_PRN_8,P,temporary,partial,isolated,1,5,4,4,5
R_2zCitHN7tj7vp6Y,2, ,1, ,4,1,27,White,2, ,P_TIM_8,P,continuous,complete,contagious,3,4,5,3,0
R_V4NNX4z7Hve7XTb,5, ,1, ,3,5,56,White,2,None,P_PRN_8,P,temporary,partial,isolated,3,0,1,7,7
R_1kSQggkMjtSyunM,3, ,1, ,4,7,40,black,2,no.,P_TIN_8,P,continuous,complete,isolated,1,0,0,4,3
R_1mF8HnZDFoF8l4J,3, ,1, ,3,6,31,Caucasian,2,Thank you for allowing me to participate.,P_TRN_8,P,temporary,complete,isolated,2,2,3,3,6
R_UFxFYtrTr6GQEpz,4, ,1, ,4,2,32,White,1, ,P_PRN_8,P,temporary,partial,isolated,0,0,0,0,7
R_1HnPQcijJ6HpWTt,4, ,1, ,1,7,21,white,2, ,P_PIN_8,P,continuous,partial,isolated,3,1,2,2,3
R_2dZmh0gZfcdkA1C,3, ,1, ,6,2,59,White,2,"Slightly confusing with so little information, thanks",P_TRM_8,P,temporary,complete,contagious,1,0,2,2,6
R_2q954KqiL3WYZlc,4, ,1, ,6,1,32,Caucasian,1, ,P_PIN_8,P,continuous,partial,isolated,3,2,5,6,7
R_1eLArxTktVyKxZB,4, ,1, ,5,5,43,Caucasian,1, ,P_TRM_8,P,temporary,complete,contagious,4,1,5,1,7
R_TcPLyWS00msoW0F,4, ,1, ,3,6,31,Caucasian,2, ,P_TRM_8,P,temporary,complete,contagious,2,1,3,1,5
R_OqYuU2JAWVsN1bb,6, ,1, ,4,5,33,white,1, ,P_PIM_8,P,continuous,partial,contagious,4,5,4,2,5
R_2yaerNj2CWmtTYP,4, ,1, ,2,2,25,Asian,1,no,P_TRN_8,P,temporary,complete,isolated,1,1,1,5,0
R_2QQZ6leuOgRd36S,5, ,1, ,4,2,34,Asian,1,no,P_TIN_8,P,continuous,complete,isolated,0,4,5,4,0
R_1rNdqW0cuEWIdSd,3, ,1, ,4,1,27,Caucasian,1, ,P_TIN_8,P,continuous,complete,isolated,0,0,0,0,6
R_2f0VYR2BoHJpM30,2, ,1, ,5,3,24,white,2,no,P_PIN_8,P,continuous,partial,isolated,0,0,0,0,6
R_2dN3we2MZCQ6oX5,4, ,1, ,5,3,24,Black,2, ,P_PIM_8,P,continuous,partial,contagious,4,4,5,2,0
R_21bntDUs5yUQrve,3, ,1, ,6,1,18,White,2, ,P_PIN_8,P,continuous,partial,isolated,4,4,3,1,7
R_2tJbUgsaVJ05c3U,2, ,1, ,4,2,30,black,2, ,P_TRN_8,P,temporary,complete,isolated,3,2,4,3,5
R_3F3xVvNVfwNwdEQ,4, ,1, ,2,6,52,white,2,no,P_PIN_8,P,continuous,partial,isolated,4,0,6,0,7
R_1odKm97bjebPdZN,7, ,1, ,4,5,41,African American,2, ,P_PIN_8,P,continuous,partial,isolated,5,3,3,1,6
R_qUS6Kfp3X7zHGLf,3, ,1, ,5,3,34,white,1, ,P_TRM_8,P,temporary,complete,contagious,4,3,4,1,5
R_1rvoqYS15sFV0mB,3, ,1, ,5,2,33,caucasian,2,no,P_PIM_8,P,continuous,partial,contagious,4,3,0,0,7
R_3g5Xoz7zKVHDJ6X,3, ,1, ,4,2,27,Asian,2, ,P_TIM_8,P,continuous,complete,contagious,3,1,2,2,6
R_xslc31Qewf78Fqh,3, ,1, ,5,2,47,Caucasian,2, ,P_PRN_8,P,temporary,partial,isolated,3,1,1,2,7
R_3ITfHv4Yg7zBKVd,3, ,2,12,7,4,20,Filipino,1,No comments.,P_PIN_8,P,continuous,partial,isolated,4,1,3,3,6
R_1Kf00nDhzT72PE3,5, ,1, ,3,5,29,WHITE,2,GOOD,P_TRN_8,P,temporary,complete,isolated,6,5,5,7,5
R_3nNnxjt2jZiCUsb,4, ,1, ,4,3,31,Caucasian,1,no,P_TIN_8,P,continuous,complete,isolated,2,7,7,0,5
R_2wvEnq1hQnVnTQp,4, ,1, ,5,2,30,latina,2, ,P_TRN_8,P,temporary,complete,isolated,4,1,1,1,5
R_YWhs3pIUBUpLI5j,6, ,1, ,4,4,54,White,1, ,P_TRN_8,P,temporary,complete,isolated,1,1,1,0,6
R_5mA9hFhm1UiZq5X,4, ,1, ,3,5,28,caucasian,2,no,P_PRN_8,P,temporary,partial,isolated,3,0,5,0,7
R_2ypW0E1oWS13qzF,5, ,1, ,4,1,34,White,1,nope,P_TRM_8,P,temporary,complete,contagious,1,1,6,3,6
R_W99MIkcvMmye2wp,5, ,1, ,4,5,26,american,2,no,P_TRN_8,P,temporary,complete,isolated,4,5,6,5,3
R_22WSGwtUTvMa7k5,3, ,1, ,6,1,24,White,2, ,P_TIM_8,P,continuous,complete,contagious,5,2,2,3,6
R_QnsZ8qHlmNFmaTn,3, ,1, ,4,1,33,white,1, ,P_PRM_8,P,temporary,partial,contagious,4,0,0,0,7
R_8dCmbNh4fBYHdiV,5, ,1, ,5,1,44,Caucasian,2,The comment that Kim was just going back to how she used to be wasn't clear as to whether it was before she mugged someone.,P_PRN_8,P,temporary,partial,isolated,4,5,5,0,7
R_29jhVXqP1fXcxvy,4, ,1, ,5,6,27,American,1,Thank you very much!,P_PIN_8,P,continuous,partial,isolated,3,5,3,4,5
R_tGygOvMijfCqUZX,4, ,1, ,4,1,39,white,2,"If you were trying to infer that Kim was mugged, the question was not worded properly...",P_PRM_8,P,temporary,partial,contagious,2,0,0,0,2
R_24oZC5cfToMpBRi,5, ,1, ,6,2,31,Caucasian,2, ,P_TIM_8,P,continuous,complete,contagious,2,2,5,2,5
R_10vkwigRU1YsDkM,3, ,1, ,6,1,34,white,1, ,P_TIN_8,P,continuous,complete,isolated,4,1,1,1,6
R_3M0thhztW741Z1g,2, ,1, ,2,6,34,white,1,good study!,P_TRM_8,P,temporary,complete,contagious,4,2,4,4,7
R_10Ieb4vgEFSJWRc,4, ,1, ,5,1,36,caucasian,2, ,P_PIM_8,P,continuous,partial,contagious,2,0,0,0,7
R_2Bz0pFFEEzPMf9h,3, ,1, ,1,7,20,White,1, ,P_TIM_8,P,continuous,complete,contagious,1,3,3,1,7
R_306LsHIarOemv8Y,4, ,1, ,6,3,45,Caucasian,2, ,P_TRN_8,P,temporary,complete,isolated,1,0, , ,7
R_p9T4m10oEWH5o2J,5, ,1, ,6,2,25,Caucasian,2, ,P_TIN_8,P,continuous,complete,isolated,3,3,6,2,7
R_3Jtt9tWoxld0T9n,3, ,1, ,5,5,38,Caucasian,2, ,P_PRN_8,P,temporary,partial,isolated,4,0,7,0,6
R_3ffU9q6EshmcG9K,7, ,1, ,7,1,25,White,2, ,P_TRM_8,P,temporary,complete,contagious,1,1,1,1,5
R_3g1MeYXpIpQ7OVn,4, ,1, ,6,2,30,Caucasian,1, ,P_PIM_8,P,continuous,partial,contagious,2,5,5,3,0
R_DO9otNnbMoeFkg9,4, ,1, ,4,6,33,American,2, ,P_PIN_8,P,continuous,partial,isolated,2,0,2,0,7
R_3OcAFKx30seZReU,3, ,2,11,6,5,28,Caucasian,1, ,P_PIN_8,P,continuous,partial,isolated,5,2,2,2,6
R_1JXbZleSidevdN2,2, ,1, ,4,1,26,White,1,No,P_PIN_8,P,continuous,partial,isolated,4,2,2,2,5
R_3J3hUzZibSKaNyy,2, ,1, ,7,1,47,white,1, ,P_TIM_8,P,continuous,complete,contagious,4,2,4,2,6
R_1LIp95Lvy6RuB42,5, ,1, ,6,3,30,usa,1, ,P_TIN_8,P,continuous,complete,isolated,3,3,3,3,5
R_2vZDi1QK8U0zYvm,3, ,1, ,4,1,20,white,1, ,P_PIN_8,P,continuous,partial,isolated,1,4,0,0,7
R_3QXJKfR4Mx6eey3,3, ,1, ,4,4,23,Caucasian,1, ,P_PIN_8,P,continuous,partial,isolated,2,0,1,3,3
R_3Pq1irmQsDdIk8Z,3, ,1, ,5,2,21,African American and White,2,"This was a good survey. Next time, there could be a little more information as to why Kim mugged someone and the treatment she occured.",P_TRN_8,P,temporary,complete,isolated,1,1,4,0,7
R_3oU4bygeUrvKDli,4, ,1, ,5,4,35,White,2, ,P_PRM_8,P,temporary,partial,contagious,5,7,5,7,0
R_3DuRqkTAom3wkBd,3, ,1, ,3,1,21,White,1,Nope!,P_PRN_8,P,temporary,partial,isolated,3,2,4,3,5
R_1ifYQYuztQMUHVQ,3, ,1, ,5,1,18,White/Asian,1, ,P_PIM_8,P,continuous,partial,contagious,5,7,0,7,0
R_TnOG5G3I92Ocae5,3, ,1, ,6,5,38,caucasian,1,none,P_TRN_8,P,temporary,complete,isolated,4,1,3,1,6
R_D1VlWFmHqUhAt7X,5, ,1, ,2,7,39,Caucasian,2, ,P_TRM_8,P,temporary,complete,contagious,1,1,2,0,7
R_2awrBE5L6j4f8Kn,4, ,1, ,5,1,27,white,1, ,P_PIM_8,P,continuous,partial,contagious,3,1,1,1,6
R_3QJYa2FQ7NEYESh,2, ,1, ,2,5,30,white,2, ,P_TIN_8,P,continuous,complete,isolated,1,1,3,2,3
R_aXFmqKSACI7nVo9,2, ,1, ,7,1,46,Black,2,NO,P_PIN_8,P,continuous,partial,isolated,5,4,7,1,7
R_300HnGSkO992D7p,3, ,1, ,6,1,22,white,2,no,P_PIM_8,P,continuous,partial,contagious,4,5,2,6,0
R_3HHR4wZMYS1K5eF,2, ,1, ,4,1,30,Black,1, ,P_PRM_8,P,temporary,partial,contagious,3,5,0,6,0
R_2wFv6wqEvDDhUv4,4, ,1, ,6,2,46,African American,1,no,P_TIN_8,P,continuous,complete,isolated,4,1,3,0,6
R_3rZAJOX7jEwfPNE,3, ,1, ,2,7,55,Caucasian,1,No,P_TIN_8,P,continuous,complete,isolated,1,3,7,0,7
R_232nEjmRwZVgY1g,3, ,1, ,6,3,55,White/Cauvasian,1,none,P_TRN_8,P,temporary,complete,isolated,2,1,4,2,6
R_2uWME1hzxL3Dudj,3, ,1, ,4,4,23,Asian,1, ,P_PIN_8,P,continuous,partial,isolated,6,2,2,3,0
R_3Ny5gJXdvdjo2Mr,4, ,1, ,6,1,30,White,1,Interesting study!,P_PIN_8,P,continuous,partial,isolated,4,2,3,3,6
R_3KvJoVLLHG7eu94,3, ,1, ,6,6,36,Black,2,no,P_PRN_8,P,temporary,partial,isolated,1,1,5,1,0
R_3n0FbAcaozI40iv,4, ,1, ,4,5,30,white,2, ,P_TIN_8,P,continuous,complete,isolated,0,3,3,2,7
R_Dq3oGNEVtpLLmRb,5, ,1, ,4,4,50,non hispanic,2,no,P_TRM_8,P,temporary,complete,contagious,4,5,3,3,5
R_8Dq1CtYybhnGQYV,3, ,1, ,4,1,31,caucasian,1, ,P_TIN_8,P,continuous,complete,isolated,3,2,4, ,0
R_3hrxvxf6jiMzFXi,8,trade school...certified,1, ,5,1,55,white,2, ,P_TIM_8,P,continuous,complete,contagious,5,5,5,5,6
R_BGjYqJmhKzFfTvX,3, ,1, ,4,1,35,white,1, ,P_PIN_8,P,continuous,partial,isolated,2,1,6,6,7
R_3h3mcjiuBY6tdMP,4, ,1, ,6,1,34,White,1,no,P_PIN_8,P,continuous,partial,isolated,4,0,0,0,7
R_cwOHkAz4zHYgoKJ,2, ,1, ,5,1,23,White,1,Nope,P_PIM_8,P,continuous,partial,contagious,3,1,1,6,7
R_2qkKC9HoRelxRZL,3, ,1, ,3,4,51,white,2,Did Kim do the mugging or was she a victim of a mugging?,P_TRM_8,P,temporary,complete,contagious,2,1,2,0,0
R_3wRiDLx3KIsof2Z,2, ,1, ,1,7,54,white,1,no,P_TIM_8,P,continuous,complete,contagious,5,6,2,1,0
R_UrpJwVo64iwB4DT,4, ,1, ,6,1,30,caucasian,2,Good luck with your study! (Also yay Boston.),P_PIM_8,P,continuous,partial,contagious,1,0,0,0,7
R_2usrUMfDFJziO61,4, ,1, ,6,5,23,African American,1, ,P_PRN_8,P,temporary,partial,isolated,5,3,5,6,5
R_241asM4Tz5TW6A5,5, ,1, ,4,5,61,white,2,"I am confused, you said Kim mugged someone?",P_PRM_8,P,temporary,partial,contagious,5,1,5,1,7
R_1DSU8bAGu7dHWZC,4, ,1, ,4,1,34,Asian,1, ,P_PRM_8,P,temporary,partial,contagious,1,4,6,6,5
R_3GvrBrnNFGssA3h,4, ,1, ,2,2,25,asian,2, ,P_TRM_8,P,temporary,complete,contagious,5,4,4, ,3
R_3kff78tsLULbqU1,2, ,1, ,5,7,59,white,2,no,P_PRN_8,P,temporary,partial,isolated,0,0,7,0,7
R_31iQHBAQs3u7ovt,4, ,1, ,7,2,34,Biracial,2, ,P_TIM_8,P,continuous,complete,contagious,0,0,1,0,6
R_2pJmOjwjflCC0DK,3, ,1, ,5,1,33,white,2, ,P_PIM_8,P,continuous,partial,contagious,4,0,2,0,7
R_0I0oEtfBHBs2FKV,5, ,1, ,4,1,30,white,2, ,P_TRM_8,P,temporary,complete,contagious,2,6,0,7,0
R_vPvJtk667y2I2Fr,7, ,1, ,5,6,28,middle eastern,1, ,P_TIN_8,P,continuous,complete,isolated,4,2,3,1,0
R_2E62TWO7CtC7UYB,6, ,1, ,5,6,54,white caucasian,2,no,P_TIN_8,P,continuous,complete,isolated,2,4,3,6,6
R_10SekCMZyq3fvvI,4, ,1, ,2,5,54,white,2, ,P_TIN_8,P,continuous,complete,isolated,3,3,4,4,7
R_28UI7mm89i96Hrc,2, ,1, ,7,4,53,white,2,"Your story said Kim mugged someone, not that she was mugged. Answers reflect that",P_PIN_8,P,continuous,partial,isolated,3,4,4,4,6
R_bje1uTrzx93DAxH,5, ,1, ,6,6,57,Caucasian,2, ,P_TRN_8,P,temporary,complete,isolated,2,7,7,4,7
R_3FR9cqaX9GTjmIV,3, ,1, ,6,1,37,African American,2,None,P_PIN_8,P,continuous,partial,isolated,3,1,1,0,6
R_56FxB9T2bA501AF,4, ,1, ,7,1,7,black,1, ,P_PIM_8,P,continuous,partial,contagious,2,5,5,4,3
R_31ZudgjMj4VoDam,4, ,1, ,5,5,35,Caucasian,2,n/a,P_PIM_8,P,continuous,partial,contagious,3,3,5,0,6
R_1r9rTXer2SAsEqT,5, ,1, ,2,5,49,Caucasian,2, ,P_PRM_8,P,temporary,partial,contagious,1,1,7,1,7
R_3GDhbaQzP38xNZr,4, ,1, ,6,5,26,Caucasian,1,no,P_TRN_8,P,temporary,complete,isolated,2,7,4,7,0
R_2RUHqKiwReekjNH,5, ,1, ,5,2,31,Hispanic,1, ,P_TIM_8,P,continuous,complete,contagious,5,6,4,0,6
R_voZMorik6kD4Tpn,5, ,1, ,3,5,29,White,1, ,P_PRM_8,P,temporary,partial,contagious,1,0,6,0,7
R_2YLeay8TgKLrMs8,2, ,1, ,1,3,50,african american,2,none,P_PIM_8,P,continuous,partial,contagious,7,7,7,7,0
R_2Ybulvl9QiUzM3J,3, ,1, ,7,1,32,white,2,No,P_TRN_8,P,temporary,complete,isolated,2,0,0,0,7
R_3CWosmbVPNKgr5J,4, ,1, ,3,5,30,White,1, ,P_TIN_8,P,continuous,complete,isolated,4,3,4,3,5
R_AsRMyTUIIVlQ9zz,3, ,1, ,4,1,35,white,1, ,P_PIM_8,P,continuous,partial,contagious,4,2,2,2,7
R_3iWIRQ5xtPkT5IU,4, ,1, ,7,1,33,White,2,"Your survey says ""Kim mugged someone"" but the questions seem to act like she was the one mugged. It was confusing.",P_TIM_8,P,continuous,complete,contagious,3,2,2,0,7
R_084BUJYWeye7vNf,4, ,1, ,4,1,27,asian,1, ,P_PRM_8,P,temporary,partial,contagious,4,1,1,2,7
R_1FE8KNYsEwgnEiZ,5, ,1, ,6,5,27,White,1,"The wording of the question was kind of strange. When you ask if Kim was ""tainted or contaminated,"" for example, do you mean when he/she mugged someone or after he/she received treatment?",P_TRN_8,P,temporary,complete,isolated,3,1,0,1,4
R_0wWcUjiMb2j5VAJ,2, ,1, ,2,1,30,white american,1,none,P_TRN_8,P,temporary,complete,isolated,1,4,5,3,6
R_PtBIcGfGWK8eixX,4, ,1, ,4,1,22,White,1, ,P_PRN_8,P,temporary,partial,isolated,2,2,4,0,6
R_12FI7PqnTxqodUV,5, ,1, ,5,1,28,White,2,NA,P_TIN_8,P,continuous,complete,isolated,0,0,2,4,5
R_2dKH7rMiVh5mvQN,4, ,1, ,2,5,26,Caucasian,1, ,P_TRM_8,P,temporary,complete,contagious,1,1,6,1,7
R_DohwbqWDUdeV6hz,2, ,1, ,7,1,24,hispanic,2, ,P_PRN_8,P,temporary,partial,isolated,4,0,2,0,7
R_1OjH5eFMspSfRU2,4, ,1, ,7,1,22,White European American,1, ,P_TIM_8,P,continuous,complete,contagious,1,6,2,6,0
R_3Lck5WrpAdxfasx,5, ,1, ,6,1,34,Caucasian,2, ,P_TIN_8,P,continuous,complete,isolated,2,5,7,5,0
R_3yfv9unfjPPoS0F,4, ,1, ,5,6,41,Asian,2, ,P_PRM_8,P,temporary,partial,contagious,4,3,3,3,7
R_2uwdY0IoMTR809P,4, ,1, ,4,5,33,white,2, ,P_TRM_8,P,temporary,complete,contagious,2,3,4,4,5
R_BPVvZiidnKshYaZ,2, ,1, ,1,7,57,white,2,NONE,P_PIM_8,P,continuous,partial,contagious,3,7,7,7,0
R_2di6ZLqrWwddJZP,7, ,1, ,6,6,53,Caucasian,2, ,P_PRM_8,P,temporary,partial,contagious,5,1,1,0,7
R_1FlB0QPfFk2daMZ,5, ,1, ,1,7,27,African American,2,no,P_PIN_8,P,continuous,partial,isolated,5,5,5,2,6
R_2WUrLXAgMRc7E2G,4, ,1, ,5,4,32,White,1, ,P_TRM_8,P,temporary,complete,contagious,2,0,5,1,7
R_vGmHjSah1q9SXFn,3, ,1, ,3,2,19,white,2, ,P_PRN_8,P,temporary,partial,isolated,5,0,6,0,7
R_1eLeMw57FjPsjYm,3, ,1, ,7,1,32,white,2, ,P_TRM_8,P,temporary,complete,contagious,4,4,4,4,7
R_12xzjLH9ArxIsgm,3, ,1, ,2,4,59,Caucasian,2,no,P_TRN_8,P,temporary,complete,isolated,4,1,4,1,7
R_b2iqDcEFmQvqfyV,3, ,1, ,6,1,35,Caucasian,2,Thanks,P_PIN_8,P,continuous,partial,isolated,5,6,5,5,0
R_3oYD3r5uCdouTR4,2, ,1, ,7,7,20, ,1,its really good idea,P_TIN_8,P,continuous,complete,isolated,6,7,4,3,7
R_247xJLM7NjTUusF,3, ,1, ,3,5,54,white,2,interesting,P_TIN_8,P,continuous,complete,isolated,5,5,6,5,5
R_3M9z6k9P31muPvv,4, ,1, ,5,1,30,white,2, ,P_TIM_8,P,continuous,complete,contagious,3,4,5,5,0
R_1IxTpJtUFqfNxRy,4, ,1, ,7,1,24,White,2, ,P_TIM_8,P,continuous,complete,contagious,2,4,3,5,1
R_10pZW0gx39vN0f4,3, ,1, ,6,1,23,white,2,Was confusing. Said kim mugged someone but questions seemed aimed at fact that Kim was a victim?,P_TIN_8,P,continuous,complete,isolated,1,1,4,1,6
R_2QSaofrSEgo5IXT,4, ,1, ,6,7,30,white,2, ,P_PRN_8,P,temporary,partial,isolated,5,0,3,0,1
R_3g7KDAEBi1IFqKW,4, ,1, ,7,1,21,Hispanic - Mexican American,2, ,P_TRM_8,P,temporary,complete,contagious,2,1,2,0,7
R_bem2LFuClXwTgc1,3, ,1, ,1,7,40,White,2,"It almost seems as if the scenario should read that Kim was mugged, not that Kim mugged someone.",P_TIN_8,P,continuous,complete,isolated,4,1,1,1,7
R_2X5qNJaFDYQhyDE,4, ,1, ,6,1,42,Asian,1,no,P_TIM_8,P,continuous,complete,contagious,2,2,2,2,7
R_3HXoHqTuaSkLlRO,3, ,1, ,3,6,32,Caucasian,2,no,P_PIM_8,P,continuous,partial,contagious,3,1,4,4,5
R_2Pci3G6WHZjn63U,3, ,1, ,4,4,53,white,2,THANKS!,P_PRM_8,P,temporary,partial,contagious,6,6,6,6,0
R_2Vl84NodEdhfI4U,4, ,1, ,4,7,24,Caucasian,2, ,P_TIM_8,P,continuous,complete,contagious,2,5,6,5,7
R_1o2dpEmJsypDJjn,2, ,1, ,1,7,36,Caucasion,1,No,P_PRN_8,P,temporary,partial,isolated,3,1,4,2,7
R_8Im1UmwengEaNYl,3, ,1, ,4,2,19,white,1, ,P_TIM_8,P,continuous,complete,contagious,2,0,2,2,7
R_3hnLlfpiFswLQ8u,3, ,1, ,6,5,31,Caucasian,1, ,P_TRN_8,P,temporary,complete,isolated,5,4,4,5,0
R_7V9qtXwgxZRbZQJ,4, ,1, ,4,4,39,White,2, ,P_TIN_8,P,continuous,complete,isolated,6,6,4,7,0
R_6uurAUrR8W359Vn,4, ,2,12,3,1,26,Asian,2,no,P_PIM_8,P,continuous,partial,contagious,2,1,6,3,5
R_VLplhnCIqiaAJVf,3, ,1, ,5,1,40,white usa,1, ,P_PRM_8,P,temporary,partial,contagious,3,4,0,5,0
R_1Q3GqjDK9sSSRG0,2, ,1, ,5,2,27,Caucasian,1, ,P_PRN_8,P,temporary,partial,isolated,4,5,4,5,0
R_2q1L8bseuJZFAsb,5, ,1, ,6,1,27,Asian,2, ,P_PRM_8,P,temporary,partial,contagious,6,6,5,1,7
R_2pLa31RdWqlVuZk,4, ,1, ,4,6,28,asian,2, ,P_TIN_8,P,continuous,complete,isolated,5,4,6,4,6
R_2bZzIImH0FNLGBR,5, ,1, ,6,1,35,white,1, ,P_TRM_8,P,temporary,complete,contagious,4,3,3,3,5
R_3iLlrJucbBMVVyG,5, ,1, ,3,1,42,white,2, ,P_PRM_8,P,temporary,partial,contagious,1,2,5,6,3
R_2ri7CrFTns8yNF2,2, ,1, ,4,3,21,White,1,No,P_TRM_8,P,temporary,complete,contagious,2,1,3,1,3
R_3EhjQ72JIReRCRR,7, ,1, ,7,7,38,American Indian,1,No comments,P_PIN_8,P,continuous,partial,isolated,4,6,6,5,4
R_2OT0WTxsApLc6EM,4, ,1, ,6,1,29,WHITE,2,NO,P_PIN_8,P,continuous,partial,isolated,0,0,1,0,7
R_3KClxuTOsfcoSdF,3, ,1, ,7,1,40,Hispanic,1,Nope!,P_TRN_8,P,temporary,complete,isolated,2, ,5,0,4
R_uqXqxLGq7S2PXfX,2, ,1, ,1,5,33,white,2,thank you,P_TRM_8,P,temporary,complete,contagious,0,6,6,4,4
R_WebsXw14DKwtHax,4, ,1, ,6,2,37,caucasian,2, ,P_PIN_8,P,continuous,partial,isolated,5,6,6,6,0
R_p0DAOkNsYilRwyJ,4, ,1, ,3,5,36,Asian American,2,No.,P_PIM_8,P,continuous,partial,contagious,1,0,0,0,0
R_C48Ai6V6Yva4f1T,4, ,1, ,7,1,43,White,1, ,P_TIN_8,P,continuous,complete,isolated,0,0,0,0,6
R_DcqVimYrpxw9g77,2, ,1, ,4,3,27,multi,2,"I believe the very first sentence says Kim mugged someone, but the questions read as though she was the victim of a mugging. I answered my questions as though she was the one that mugged someone, because that is the way it reads.",P_TIM_8,P,continuous,complete,contagious,4,4,5,5,7
R_3KxfJCV3UbGcjAt,4, ,1, ,6,2,23,White,1,No,P_PIM_8,P,continuous,partial,contagious,5,0,0,1,6
R_24IV7OQqUzdZssb,4, ,1, ,6,5,31,Chinese,2, ,P_PRM_8,P,temporary,partial,contagious,4,2,3,1,7
R_bDx6iXUH2pURFAZ,3, ,1, ,5,1,20,Asian,1,no,P_TRM_8,P,temporary,complete,contagious,2,1,0,2,7
R_2QtHXvdgsrAmduY,4, ,1, ,3,7,26,White,1, ,P_PIM_8,P,continuous,partial,contagious,4,3,6,1,7
R_1pRoT71MvfceNWC,3, ,1, ,5,3,54,American,2, ,P_TIN_8,P,continuous,complete,isolated,2,0,2,0,7
R_3HpsLNH0xdadmvO,3, ,1, ,7,1,35,white,2, ,P_TIM_8,P,continuous,complete,contagious,4,6,4,7,0
R_1eKI5RO9mA7T1rC,4, ,1, ,6,2,24,white,2, ,P_PIN_8,P,continuous,partial,isolated,4,4,0,3,3
R_3JjUVEukR9D3Sy5,3, ,1, ,4,4,28,white,2, ,P_TIM_8,P,continuous,complete,contagious,1,7,6,7,0
R_1mQsTgffxvtXyJ9, , , , , , , , , ,1,P_PIN_8,P,continuous,partial,isolated,0,0,0,0, 
R_3L4EnjDNz89Fu0C, , , , , , , , , ,1,P_PRM_8,P,temporary,partial,contagious,4,0,7,0, 
R_1hzecjNRyA5B7KJ, , , , , , , , , ,1,P_PRN_8,P,temporary,partial,isolated,5,3,4,1, 
R_3QQKjmBk89ujP1K, , , , , , , , , ,1,P_TIM_8,P,continuous,complete,contagious,4,0,0,1, 
R_2AECFIfzvBTmgE8, , , , , , , , , ,1,P_TIM_8,P,continuous,complete,contagious,2,4,6,6,7
R_3sBlZ3XepuF6Jst,3, ,1, ,6,1, , , ,1,P_TIM_8,P,continuous,complete,contagious,3,0,0,0,7
R_cwlxFAsFeeZrS9T,3, ,1, , , , , , ,1,P_TIN_8,P,continuous,complete,isolated,5,2,1,0,6
R_2wsotQeXQIqM8sK,2, ,1, ,4,4, , , ,1,P_TRM_8,P,temporary,complete,contagious,2,0,3,0,7
R_XmMs5k05a3eLksN,5, ,1, ,6,2,41,white,2,1,P_PRM_8,P,temporary,partial,contagious,3,5,5,3,3
R_1DXMFCbm0lr4vYx,4, ,1, ,7,1,61,Asian,1, ,V_TIM_8,V,continuous,complete,contagious,0,7,7,7,0
R_3FIZLHGsJ768UHP,4, ,1, ,4,3,51,white,2, ,V_TRN_8,V,temporary,complete,isolated,2,4,3,5,0
R_pLS8EYmwES5Xxtf,3, ,1, ,2,6,33,White,1, ,V_TRN_8,V,temporary,complete,isolated,1,4,4,6,0
R_1k1Enh7ZkDbZTyh,3, ,1, ,6,1,29,WHITE,2, ,V_PRM_8,V,temporary,partial,contagious,0,1,5,7,0
R_79yuqV5twtPtg3L,3, ,1, ,4,5,26,African American,1, ,V_PRN_8,V,temporary,partial,isolated,4,5,0,0,0
R_2q2DjAHFO5IyEEx,4, ,1, ,6,1,45,White,2,None,V_PRM_8,V,temporary,partial,contagious,3,6,0,6,0
R_3shOawz5q8qxEDh,3, ,1, ,4,6,28,white,2,no,V_TIM_8,V,continuous,complete,contagious,4,6,4,7,0
R_3JrsVDF9NfSIyV0,5, ,1, ,5,2,51,white,2,"Easy, hope it was helpful!",V_PIM_8,V,continuous,partial,contagious,5,7,3,7,0
R_3dGKyY5woOGcjqX,4, ,1, ,3,1,26,white,2, ,V_TRM_8,V,temporary,complete,contagious,0,1,1,5,0
R_2QGw1SmDZYEjRQT,2, ,1, ,3,5,21,White,1, ,V_TRM_8,V,temporary,complete,contagious,5,6,5,5,2
R_3oOdfWV18jZUZBs,4, ,1, ,2,7,40,Hispanic,1, ,V_TRM_8,V,temporary,complete,contagious,6,6,1,6,0
R_RWBf9LLyVeFYhIR,4, ,1, ,5,3,34,Asian,2, ,V_TRN_8,V,temporary,complete,isolated,2,6,6,7,0
R_Byt06WBkhL4IQWR,5, ,1, ,6,1,68,Caucasian,2,No,V_PRM_8,V,temporary,partial,contagious,5,6,0,0,0
R_1ZUgFQYRLpXDom5,3, ,1, ,4,4,36,white,1, ,V_TRN_8,V,temporary,complete,isolated,3,4,4,3,4
R_3MSe0q4YI3j9Snj,2, ,1, ,6,6,50,white,2,Thank you for the opportunity. Good luck with your research.,V_PRN_8,V,temporary,partial,isolated,4,5,0,6,0
R_umO3YdYidVRa1Wx,3, ,1, ,5,6,40,Caucasian,1, ,V_PIN_8,V,continuous,partial,isolated,1,6,3,6,0
R_1ov8ZL7LM97KwKy,2, ,1, ,4,6,18,hispanic,2,none,V_PIN_8,V,continuous,partial,isolated,3,3,5,5,3
R_2v97ehUoccTJO9b,4, ,1, ,6,5,22,white,2, ,V_PRN_8,V,temporary,partial,isolated,5,6,5,4,0
R_2ANi6y4dA0WudVK,4, ,1, ,6,1,53,White European American,2,no comments,V_PRM_8,V,temporary,partial,contagious,5,5,5,5,0
R_3nwI0eanHRiJk82,3, ,1, ,4,5,38,american/ white,2,none,V_PRN_8,V,temporary,partial,isolated,3,5,5,7,0
R_3e7TQZF5pmYIxE6,4, ,1, ,7,1,36,White,2, ,V_PIN_8,V,continuous,partial,isolated,4,5,0,7,0
R_2f6VYlM5wAIc5jV,3, ,1, ,5,6,40,White,1,no,V_PIN_8,V,continuous,partial,isolated,3,6,6,7,0
R_1G6ohlBp2lYJkSR,4, ,1, ,4,4,58,Caucasian,2, ,V_TIN_8,V,continuous,complete,isolated,6,7,6,5,0
R_1kMiqukXW0dcWzP,4, ,1, ,4,1,43,black,1,no,V_TRM_8,V,temporary,complete,contagious,4,7,4,4,0
R_2YDRUs0TCg91G7Y,3, ,1, ,4,2,53,white,2, ,V_PIN_8,V,continuous,partial,isolated,3,7,5,5,0
R_3dZkIlpjKf7m0Kq,4, ,1, ,4,1,36,White,2,None,V_PRM_8,V,temporary,partial,contagious,2,4,0,5,0
R_vcRqwnbBPnjqqFX,7, ,1, ,6,6,61,white/European American,2,no,V_PIM_8,V,continuous,partial,contagious,4,5,0,7,0
R_yIRaV1W4U2OnEv7,4, ,1, ,5,6,51,white,2, ,V_TIM_8,V,continuous,complete,contagious,3,6,2,6,1
R_r0vEN15XPJEb6mt,3, ,1, ,2,4,24,White,2, ,V_TIM_8,V,continuous,complete,contagious,4,6,7,7,0
R_1jv8OUbWLncNtJ7,4, ,1, ,1,7,51,white,2,No,V_TIN_8,V,continuous,complete,isolated,1,7,1,1,0
R_2VsDG8lFHLIe7IS,2, ,1, ,2,5,28,White,2,no,V_TIN_8,V,continuous,complete,isolated,1,7,6,0,0
R_1DzKKwgxSa6d8AH,4, ,1, ,7,1,26,White,1, ,V_TIM_8,V,continuous,complete,contagious,5,7,6,7,0
R_3oQFL2ipOJbha22,3, ,1, ,4,1,57,Black,2,no,V_PRN_8,V,temporary,partial,isolated,2,7,7,7,0
R_3iPXRaalEQS3u9f,4, ,1, ,7,1,24,White,1, ,V_TIM_8,V,continuous,complete,contagious,3,5,6,6,0
R_Pv2YqtD65sTYKu5,4, ,1, ,6,1,35,Asian,1, ,V_PIN_8,V,continuous,partial,isolated,3,1,5,5,0
R_2ZV02toHCcgsjP9,3, ,1, ,2,1,28,White,2,N/A,V_TIN_8,V,continuous,complete,isolated,4,6,6,6,0
R_1Qrorlm00Tp5IuK,5, ,1, ,2,4,43,white,2, ,V_TRN_8,V,temporary,complete,isolated,5,7,6, ,0
R_vUhpKVT5dMSIsSd,4, ,1, ,6,2,32,White,1, ,V_PRN_8,V,temporary,partial,isolated,2,4,3,6,0
R_2V1GdE7qvtfWiIf,2, ,1, ,5,3,35,white,1, ,V_PRM_8,V,temporary,partial,contagious,6,7,5,7,0
R_rkc149MFvnq3wEV,4, ,2,8,4,4,20,Asian,2,No,V_TRM_8,V,temporary,complete,contagious,3,4,4,4,3
R_25TOPhe0NoDjFLW,2, ,1, ,4,4,62,white,2, ,V_TRM_8,V,temporary,complete,contagious,4,6,5,6,0
R_33CMF4PzThAedzB,3, ,1, ,6,4,33,hispanic,1,"No, thank you.",V_TIM_8,V,continuous,complete,contagious,4,5,5,6,0
R_3kMVHA1uoryH0o7,3, ,1, ,3,4,32,White,1,"It's unclear whether the judgments you want are objective or subjective: ""Was X hurt?"" vs. ""Does X feel themselves to have been hurt?"".",V_TIN_8,V,continuous,complete,isolated,2,3,0,5,0
R_2QE9IrjwktWBFsI,5, ,1, ,5,1,31,Asian / White,1,n/a,V_PIM_8,V,continuous,partial,contagious,3,6,5,5,0
R_0VrYuDgBlqQXoJz,5, ,1, ,4,2,43,White,2,No,V_PRN_8,V,temporary,partial,isolated,2,6,3,0,0
R_10SoApORWzBTe2h,5, ,1, ,4,7,39,black,2, ,V_PIM_8,V,continuous,partial,contagious,4,6,4,6,0
R_2OJFjbp2VtkMZwa,3, ,1, ,4,6,18,African American,2,No.,V_TRM_8,V,temporary,complete,contagious,6,7,3,7,0
R_1GWHQHn30jNSRwa,4, ,1, ,5,1,30,White,1,None,V_PIM_8,V,continuous,partial,contagious,4,6,5,7,1
R_3hFoUiE3d4XGiCH,5, ,1, ,4,7,37,white,2,none,V_PIN_8,V,continuous,partial,isolated,6,4,6,6,2
R_2saxcS9YOjIivcU,4, ,1, ,4,7,33,black,2,no,V_PRM_8,V,temporary,partial,contagious,4,5,3,7,0
R_ZBIyE4id4Pay1zz,4, ,2,12,6,1,23,hispanic,1, ,V_PRN_8,V,temporary,partial,isolated,5,6,3,5,0
R_2B9h8Oc3YwJfjey,4, ,1, ,4,4,26,African American,2,None,V_PIM_8,V,continuous,partial,contagious,3,2,6,6,0
R_5nbF1MBwMTVNHah,4, ,1, ,6,4,41,asian,1,none,V_PRN_8,V,temporary,partial,isolated,4,7,0,7,0
R_vTadPwzZzPrJBn3,3, ,1, ,1,7,25,WHITE,2, ,V_PIM_8,V,continuous,partial,contagious,3,5,5,6,0
R_2B58Xh6nFpje3PT,2, ,1, ,6,1,27,white,1, ,V_TIN_8,V,continuous,complete,isolated,5,4,6,3,5
R_d0ToEp03Kqk9LR7,4, ,1, ,5,1,38,CAUCASIAN,1,nope,V_TRN_8,V,temporary,complete,isolated,3,3,3,4,1
R_qFxzuWdhZan8JNf,4, ,1, ,6,1,29,Asian,1,no,V_PRN_8,V,temporary,partial,isolated,4,3,0,4,1
R_31RAFlKiYimqzsL,3, ,1, ,7,1,21,white,1, ,V_TRN_8,V,temporary,complete,isolated,4,4,3,2,0
R_3oBKCu8KbSPsG9W,4, ,1, ,5,1,35,latina/white,2,no,V_TIN_8,V,continuous,complete,isolated,2,4,7,7,0
R_ToXQqSIL9S6iYzn,4, ,1, ,6,2,22,white,2, ,V_PIM_8,V,continuous,partial,contagious,3,5,1,6,1
R_30uzMVwq15Uyxm4,3, ,1, ,5,1,28,white,2, ,V_PIN_8,V,continuous,partial,isolated,3,4,2,5,0
R_2fcXdFfWeadOaBk,3, ,1, ,4,1,39,white,2, ,V_PIN_8,V,continuous,partial,isolated,5,7,1,7,0
R_9tSu8O8VntKQ8hP,7, ,1, ,4,1,28,WHITE,1,NO,V_TIM_8,V,continuous,complete,contagious,1,2,2,6,0
R_2wcdn6Sd6IeIQ3V,3, ,1, ,5,1,32,Caucasian,2,N/A,V_PIM_8,V,continuous,partial,contagious,5,5,5,6,1
R_2OYLmQVMuBOmo9T,4, ,1, ,6,1,55,euro white,1, ,V_TRN_8,V,temporary,complete,isolated,3,7,0,7,0
R_83862Jtr7A9sumV,4, ,1, ,3,3,28,White,2,I would not want to get mugged.,V_PIM_8,V,continuous,partial,contagious,0,5,7,7,0
R_3HYNR8YC7hJVPcJ,4, ,1, ,3,2,43,Caucasian,2, ,V_TIM_8,V,continuous,complete,contagious,3,5,7,7,0
R_dccY5EJSDGPG5Bb,4, ,1, ,6,1,40,Hispanic,2, ,V_PRM_8,V,temporary,partial,contagious,3,6,0,5,0
R_3091XYCgd6KdGYe,1, ,1, ,5,1,24,asian,1,none,V_TRN_8,V,temporary,complete,isolated,3,3,6,7,0
R_29bLMzsSY5HBwjQ,4, ,1, ,3,7,26,white,1,no comments,V_TIN_8,V,continuous,complete,isolated,3,5,5,6,0
R_xfpkNtK4BiafY0V,4, ,1, ,2,7,65,Caucasian,2,No.,V_TIM_8,V,continuous,complete,contagious,3,6,6,6,0
R_USzA9hIJ0Km9Uzv,5, ,1, ,4,4,59,Eastern European,2, ,V_TRM_8,V,temporary,complete,contagious,5,5,4,4,0
R_5jsjSjRLCqzBSYF,3, ,1, ,3,4,21,Caucasian,1,None that I can think of.,V_TIM_8,V,continuous,complete,contagious,3,3,1,7,0
R_31yMKKNdrog01Wg,3, ,1, ,6,2,28,Caucasian,2,Thanks!,V_TRN_8,V,temporary,complete,isolated,2,7,7,7,0
R_27Ql740Ovi8ONTI,4, ,1, ,6,4,48,white,2, ,V_TIN_8,V,continuous,complete,isolated,5,6,5,7,1
R_u9rkSjLZXvQ4mit,4, ,1, ,5,4,30,white,2, ,V_PIN_8,V,continuous,partial,isolated,4,2,4,7,0
R_VXcXahbkidx5ANr,5, ,1, ,6,4,37,white and first nations,2, ,V_TRM_8,V,temporary,complete,contagious,6,5,2,7,0
R_1gSEbGFEJ2bBvFY,4, ,1, ,4,1,30,white,1,none,V_TIN_8,V,continuous,complete,isolated,2,5,5,7,4
R_1MRthhxKCKIi92a,3, ,1, ,4,5,23,African American,2, ,V_PIN_8,V,continuous,partial,isolated,3,6,0,0,0
R_1DYAYuQ6H3xMzqk,4, ,1, ,3,1,27,Asian,1, ,V_PRM_8,V,temporary,partial,contagious,4,5,4,2,0
R_yx0oSVUIMxeairf,4, ,1, ,2,6,51,white,1, ,V_TIM_8,V,continuous,complete,contagious,6,7,7,7,2
R_290mRciI8Osumkb,4, ,1, ,6,4,43,white,1, ,V_TRM_8,V,temporary,complete,contagious,2,6,1,6,0
R_2VQncF2ZmOcaMsr,4, ,1, ,6,5,24,Caucasion,2, ,V_TIM_8,V,continuous,complete,contagious,5,7,3,7,0
R_vcSwgAUHuxgcrL3,3, ,1, ,4,4,21,Latino,1,no,V_TIN_8,V,continuous,complete,isolated,1,6,1,7,0
R_sRTa8elvdrvWqml,4, ,1, ,7,1,24,latino,1, ,V_PIM_8,V,continuous,partial,contagious,2,5,1,5,0
R_3fjYi1KZi6Or7zN,3, ,1, ,3,7,30,white,2, ,V_TIN_8,V,continuous,complete,isolated,1,5,4,5,0
R_3Eb3rsexKukDIYG,4, ,1, ,5,6,30,white,2,thank you,V_PIN_8,V,continuous,partial,isolated,5,6,6,5,7
R_1OTZhKQTEwTnnBo,4, ,1, ,7,1,26,White,1, ,V_TRN_8,V,temporary,complete,isolated,4,7,0,7,0
R_3kdNX753ILbyTaX,3, ,1, ,2,6,47,white,2,no,V_PIM_8,V,continuous,partial,contagious,5,7,5,1,0
R_25WQzdZSzgrce0E,5, ,1, ,6,2,65,American,3,Ethnicity is subject to interpretation- If you meant race I am  Caucasian,V_TRM_8,V,temporary,complete,contagious,5,7,0,7,0
R_9ZbnXzTYNN11S1j,3, ,1, ,6,3,43,Caucasion,2, ,V_PRN_8,V,temporary,partial,isolated,3,7,4,4,0
R_2feUTDLR0TpqVAp,4, ,1, ,6,5,44,caucasian,2,none,V_PRM_8,V,temporary,partial,contagious,6,7,6,7,0
R_2BxP1AHvvsIB9Re,4, ,1, ,6,1,36,white,1, ,V_PRN_8,V,temporary,partial,isolated,4,7,1,7,0
R_1mzuLzxzsUrdoE4,3, ,1, ,7,1,23,Caucasian,1,I don't have any comments or suggestions.,V_TIN_8,V,continuous,complete,isolated,2,6,6,6,0
R_6lnaEa6Tb7XfqhP,5, ,1, ,7,1,35,white,2,kind of confusing questions about Kim.,V_TIM_8,V,continuous,complete,contagious,0,6,6,6,0
R_2xGmDAHaOL9doPw,4, ,1, ,4,6,32,caucasian,2,none,V_PRM_8,V,temporary,partial,contagious,4,5,4,7,0
R_1LYjPpkH3Yf00lm,2, ,1, ,4,2,39,White,2, ,V_TIM_8,V,continuous,complete,contagious,5,4,4,6,0
R_2VxedCnc8qEMXbi,2, ,1, ,5,2,25,White,1,N/A,V_TIM_8,V,continuous,complete,contagious,1,7,6,3,1
R_1OjH3RD0FHB0SbW,3, ,1, ,6,6,36,latino,1,no,V_PIM_8,V,continuous,partial,contagious,7,7,5,7,0
R_3Jx76KdidjYhU19,5, ,1, ,5,4,52,Caucasian,2, ,V_TRN_8,V,temporary,complete,isolated,1,4,7,0,0
R_QgGSnIzI8WZkJzP,5, ,1, ,6,1,36,Caucasian,2, ,V_PRN_8,V,temporary,partial,isolated,5,6,6,7,0
R_3lJN3UMY8Wen0wz,4, ,1, ,5,1,33,caucasian,1,na,V_TIM_8,V,continuous,complete,contagious,4,3,0,6,0
R_2DUdSeho0l9zRyJ,4, ,1, ,2,6,22,white,2, ,V_PIN_8,V,continuous,partial,isolated,4,6,2,1,0
R_3EMeP3TdsAwZYDn,5, ,1, ,4,5,30,White,1,No,V_PIM_8,V,continuous,partial,contagious,4,3,0,7,0
R_Pu3nXLh3RTYd5Fn,8,Vocational,1, ,4,7,23,Hispanic,2, ,V_PIN_8,V,continuous,partial,isolated,3,3,4,5,0
R_3JsVXMmcA4sBB2U,4, ,1, ,2,6,48,white,2, ,V_PIN_8,V,continuous,partial,isolated,6,6,4,0,0
R_20YBv4H5YXaHPVZ,4, ,1, ,4,7,25,Caucasian,1, ,V_PIM_8,V,continuous,partial,contagious,4,6,5,7,0
R_1drZBZB4GRlPJKh,2, ,1, ,6,5,61,Black,2, ,V_PRM_8,V,temporary,partial,contagious,5,5,5,5,0
R_2YK4P88gTpsPegc,2, ,1, ,3,5,38,caucasian,2, ,V_TRM_8,V,temporary,complete,contagious,1,7,7,6,0
R_2AX3RDGDdnJqeSQ,4, ,1, ,7,4,38,African American,2,n/a,V_TRM_8,V,temporary,complete,contagious,4,6,2,6,0
R_2SwvI7zX7SBYhr5,4, ,1, ,2,6,33,White,1,very simple survey,V_PIM_8,V,continuous,partial,contagious,2,5,7,5,0
R_1r7F0QTVvObGwwa,4, ,1, ,6,2,26,CAUCASION,2,NO,V_TRN_8,V,temporary,complete,isolated,3,6,1,7,0
R_6qZBf2voAJhFBYd,3, ,1, ,3,7,40,caucasian,2,n/a,V_PIN_8,V,continuous,partial,isolated,3,5,6,7,0
R_2b3RgwxG0DJsltf,3, ,1, ,4,1,33,American,1, ,V_PRM_8,V,temporary,partial,contagious,4,7,7,6,0
R_1PaVXDC4NQPWSYy,5, ,1, ,3,1,47,White / American Indian,1,Clear and well-organized,V_PIM_8,V,continuous,partial,contagious,3,5,0,7,0
R_RxFijtSaPoYWvBL,5, ,1, ,7,1,33,white,2, ,V_TIM_8,V,continuous,complete,contagious,3,7,7,7,0
R_da3cYxfK56Awb9T,3, ,1, ,6,1,33,White,1, ,V_PIN_8,V,continuous,partial,isolated,6,6,3,5,0
R_33l632vpIX4xM3X,2, ,1, ,5,3,29,white,2, ,V_PRN_8,V,temporary,partial,isolated,4,6,7,7,0
R_2Yrj8EU8IEcKxTW,3, ,1, ,5,2,52,Hispanic,2,No but thank you for the hit.,V_TRM_8,V,temporary,complete,contagious,5,4,2,1,0
R_UhasYsufhvxscJH,3, ,1, ,4,5,62,white,2, ,V_TRM_8,V,temporary,complete,contagious,2,7,0,5,0
R_1Eduw6gp5TfxnCx,4, ,1, ,4,1,28,caucasian,1, ,V_PRN_8,V,temporary,partial,isolated,4,5,5,3,1
R_7X2toaB9WOYQGUV,4, ,1, ,5,7,26,Caucasian,2, ,V_TIM_8,V,continuous,complete,contagious,3,6,5,7,0
R_szJlus1VIrcJCpP,5, ,1, ,4,4,34,Asian,1, ,V_PRN_8,V,temporary,partial,isolated,4,6,4,5,1
R_2SGHc5gD7LHadPy,4, ,1, ,6,1,21,Hispanic,2,No comments,V_PRN_8,V,temporary,partial,isolated,4,7,3,7,0
R_SPoivnJVNcUmzMl,4, ,1, ,4,2,37,caucasian,1, ,V_PIM_8,V,continuous,partial,contagious,3,5,4,6,0
R_1rf9mXVnfHHMBm5,4, ,1, ,3,6,43,Caucasian,1, ,V_PIM_8,V,continuous,partial,contagious,3,4,4,4,0
R_3CTyIoB22PSx0yE,5, ,1, ,3,2,43,usa,2,no,V_PIN_8,V,continuous,partial,isolated,6,7,3,7,0
R_UJZLMat4yyuKf1D,3, ,1, ,2,7,60,Hispanic,1,No complaints.,V_PRN_8,V,temporary,partial,isolated,4,7,4,7,0
R_3oyLacGobG3CtGe,4, ,1, ,6,2,29,Latina,2, ,V_PRN_8,V,temporary,partial,isolated,5,6,2,6,0
R_b4bKR6TxPAQ4p4V,4, ,1, ,4,6,48,Hispanic,1, ,V_TRM_8,V,temporary,complete,contagious,4,7,6,7,3
R_RFdO5hDtdGaTEGt,2, ,1, ,4,1,32,White,2, ,V_TIN_8,V,continuous,complete,isolated,0,4,3,5,0
R_2riUcsgke6VNpgq,3, ,1, ,3,5,42,WHITE,1,NONE,V_TRN_8,V,temporary,complete,isolated,4,7,2,7,1
R_2QE8CJSBkGU6nnb,3, ,1, ,7,1,26,Caucasian,2, ,V_PRN_8,V,temporary,partial,isolated,3,5,5,7,0
R_1pzi4X3fhFKb8av,3, ,2,9,6,5,25,korean,2, ,V_TIM_8,V,continuous,complete,contagious,2,6,1,0,0
R_eCE78bhEeFpVVKx,4, ,1, ,2,2,23,white,2, ,V_PRN_8,V,temporary,partial,isolated,2,3,5,6,1
R_3PIbdGIf8LxoOGN,3, ,1, ,6,2,48,White,2,I would be interested in any follow-up questions you may have,V_PRM_8,V,temporary,partial,contagious,5,7,7,7,0
R_24ilZCpTjsPKecY,3, ,1, ,4,1,47,white,1,Thank you!,V_TRM_8,V,temporary,complete,contagious,3,3,3,7,0
R_3rxADAl2ylU8hJ7,5,`,1, ,4,5,21,white,1,na,V_TIM_8,V,continuous,complete,contagious,2,5,2,3,4
R_1jSSJVFlwFtHNPf,3, ,1, ,2,2,49,asian,1,interesting study,V_TIM_8,V,continuous,complete,contagious,4,7,4,7,0
R_YbukQc5qh8cyIE1,5, ,1, ,4,4,24,white,1,NONE,V_TRM_8,V,temporary,complete,contagious,4,4,3,5,3
R_2q3LxGg0Too0Hh3,4, ,1, ,1,7,34,American White,1, ,V_TRM_8,V,temporary,complete,contagious,1,7,6,7,1
R_1rANKb2aTyQJqfn,2, ,1, ,3,1,43,white,1,no,V_PIN_8,V,continuous,partial,isolated,5,6,7,6,0
R_1puRnrfFBdZypBd,3, ,1, ,7,1,37,Russian/Scottish/Irish,2, ,V_PRM_8,V,temporary,partial,contagious,4,4,2,5,0
R_1cXKXNLKjpcS7p2,3, ,1, ,4,1,40,Caucasian,2, ,V_PRN_8,V,temporary,partial,isolated,5,6,0,7,0
R_1QH0T4AbfIgfMf8,4, ,1, ,4,1,31,white,2, ,V_TIN_8,V,continuous,complete,isolated,1,7,3,5,0
R_3qevw3k1NRq11IB,3, ,1, ,5,1,32,Caucasian,2,n/a,V_TIN_8,V,continuous,complete,isolated,3,7,7,7,0
R_3nxAjZ7fZHq8gCY,3, ,1, ,6,2,21,white,2, ,V_PRN_8,V,temporary,partial,isolated,4,5,0,6,0
R_2uCnJgxq1ewR8fg,4, ,1, ,5,1,29,White,2, ,V_PRN_8,V,temporary,partial,isolated,4,4,4,6,0
R_zZ3kuUnJChugVG1,4, ,1, ,4,2,36,Asian,1, ,V_TIN_8,V,continuous,complete,isolated,2,2,5,3,0
R_2EzxpILrwAdK855,4, ,1, ,5,1,23,White,1, ,V_TIM_8,V,continuous,complete,contagious,3,5,2,7,0
R_32LnD6o3zasdAWO,4, ,1, ,1,1,28,white,2,no,V_PRM_8,V,temporary,partial,contagious,2,5,3,6,0
R_3fUfnRmVPlWsfxg,5, ,1, ,6,6,32,white,2, ,V_TRN_8,V,temporary,complete,isolated,3,3,1,5,0
R_3pqZsnXAhVbud1m,3, ,1, ,7,1,59,English,2,good survey!,V_TIN_8,V,continuous,complete,isolated,3,7,0,6,0
R_3JKrWnU83WVWEMX,4, ,1, ,5,2,27,Filipino,2, ,V_PIN_8,V,continuous,partial,isolated,4,5,4,7,0
R_r9DQ1Xib4AH6J0t,3, ,1, ,6,1,35,White,1,no,V_PRM_8,V,temporary,partial,contagious,3,6,0,5,0
R_29OIwDzFql0NCbT,3, ,1, ,2,1,63,White,2,No,V_TIN_8,V,continuous,complete,isolated,3,5,1,6,1
R_d6T0ioIHCOv47Yt,4, ,1, ,4,1,24,Nigerian american,1, ,V_TIN_8,V,continuous,complete,isolated,5,7,7,5,0
R_TjsxfNIuIbnzAjL,7, ,1, ,3,5,27,asian,1, ,V_PRN_8,V,temporary,partial,isolated,2,5,5,5,1
R_3PQRwdsex9giHWo,3, ,1, ,1,7,23,white,2, ,V_PIM_8,V,continuous,partial,contagious,2,4,7,7,0
R_3qrETDIojJSSJX5,3, ,1, ,7,1,35,white,2, ,V_PRM_8,V,temporary,partial,contagious,4,7,5,7,0
R_246jrTeegRbOVK9,4, ,1, ,1,7,36,caucasion,2, ,V_PRN_8,V,temporary,partial,isolated,4,4,6,6,0
R_2aRyG9vexhE2lCL,4, ,1, ,3,5,23,asian,2, ,V_PIM_8,V,continuous,partial,contagious,2,4,0,6,0
R_299RcMau2MGGiZe,5, ,1, ,1,6,28,White American,1,n/a,V_TIM_8,V,continuous,complete,contagious,2,5,2,6,0
R_2CE3cxvdPveW3Cz,2, ,1, ,4,3,62,white,2,no,V_TIM_8,V,continuous,complete,contagious,6,7,4,7,0
R_3gTLQOyoCnGnR38,4, ,1, ,5,4,24,Asian,2,pay more for study,V_PRM_8,V,temporary,partial,contagious,3,4,4,3,0
R_2pRDxvvRmkxmAnQ,3, ,1, ,3,3,67,white,2,NO,V_PRN_8,V,temporary,partial,isolated,5,6,3,4,0
R_VX6gephNj0796s9,3, ,1, ,5,2,31,African American,2, ,V_TRM_8,V,temporary,complete,contagious,5,6,6,5,0
R_3R7wLogN3sARcz3,3, ,1, ,7,4,21,African American,2, ,V_TIM_8,V,continuous,complete,contagious,1,5,5,5,0
R_Xhu2awdFExRUWit,2, ,1, ,4,1,26,White,2, ,V_TIN_8,V,continuous,complete,isolated,4,4,1,4,0
R_2Bfybk8zx4D7Naj,4, ,1, ,6,1,32,AMERICAN,2,NONE,V_TRN_8,V,temporary,complete,isolated,2,4,5,7,0
R_3n0NcP7OijUrDGX,5, ,1, ,5,6,32,White,1, ,V_PRM_8,V,temporary,partial,contagious,5,6,5,7,0
R_3e9ol1N6WJeFyv7,3, ,1, ,7,2,19,Hispanic,1,no,V_PRM_8,V,temporary,partial,contagious,1,6,0,7,0
R_2aksdkVjcB0jUMI,5, ,1, ,7,3,64,white,2, ,V_TRN_8,V,temporary,complete,isolated,3,6,1,6,0
R_ULRAWssui9DHQNH,3, ,1, ,4,4,34,african american,2, ,V_TRN_8,V,temporary,complete,isolated,4,6,7,5,1
R_3lKbWLZC1LOos1Y,4, ,1, ,4,1,45,white-,1, ,V_TRN_8,V,temporary,complete,isolated,1,2,4,4,1
R_2dX5L0DtPHMILH4,2, ,1, ,7,1,27,Caucasian,2, ,V_PIN_8,V,continuous,partial,isolated,6,6,0,7,0
R_2s0kLnnZaE05LS2,5, ,1, ,6,5,28,white,2,good,V_TIN_8,V,continuous,complete,isolated,5,4,6,5,6
R_1H1YfLXvL6jEHLb,3, ,1, ,7,3,27,white,2,none,V_PRM_8,V,temporary,partial,contagious,5,7,1,0,0
R_2aM2xwamgg21iIu,5, ,1, ,2,6,28,White,1, ,V_TRN_8,V,temporary,complete,isolated,3,5,3,4,0
R_Zawerb6LoLZ52VP,3, ,1, ,3,4,53,White American,2, ,V_PIM_8,V,continuous,partial,contagious,5,5,6,6,0
R_OIK0QKaC47oV8T7,4, ,1, ,1,6,64,white American,2,No,V_TRN_8,V,temporary,complete,isolated,2,7,0,7,0
R_2e2P4rDMXLEDXPz,4, ,2,12,3,6,26,Chinese,1, ,V_PIM_8,V,continuous,partial,contagious,3,5,5,5,2
R_24Ginoh76Z1M8bG,5, ,1, ,5,1,29,white,2, ,V_TRM_8,V,temporary,complete,contagious,3,5,0,6,0
R_R5kItvJReaRAZH3,4, ,1, ,2,6,37,Caucasian,1,N/A,V_TIM_8,V,continuous,complete,contagious,4,5,5,5,0
R_1Lp05mDe5QcKoSC,4, ,1, ,3,5,26,white,2, ,V_PRN_8,V,temporary,partial,isolated,3,2,3,4,1
R_3lWz6XzlTWz5k6g,5, ,1, ,7,2,23,White,2, ,V_PIM_8,V,continuous,partial,contagious,3,4,3,6,0
R_21cjj9tTMxQNPmw,3, ,1, ,7,7,36,mexican/native ameican,1, ,V_TRN_8,V,temporary,complete,isolated,3,3,0, ,0
R_1QzNBQnNgNHf9cD,5, ,1, ,4,5,37,Asian,2, ,V_PIN_8,V,continuous,partial,isolated,5,6,5,4,0
R_2zLL3rp0TC1y6np,5, ,1, ,5,2,61,WHITE,1,NO,V_TIM_8,V,continuous,complete,contagious,3,5,3,5,0
R_1n3dTpsPQjFiaMt,2, ,1, ,4,6,46,White,1,No,V_PRM_8,V,temporary,partial,contagious,3,1,0,7,0
R_ea1WvXYBxDBC45b,4, ,1, ,4,1,22,asian,1, ,V_PRN_8,V,temporary,partial,isolated,2,7,6,0,0
R_sZ2Ex26Ch2N9u0h,4, ,1, ,6,6,27,Vietnamese,2, ,V_TRN_8,V,temporary,complete,isolated,7,7,2,7,0
R_dh5IEnPZoeR5ZqF,7, ,1, ,2,4,32,Caucasian,1, ,V_PRN_8,V,temporary,partial,isolated,4,6,6,7,0
R_3oBhvp4IiHmKgpr,4, ,1, ,3,1,31,Caucasian,1, ,V_PIM_8,V,continuous,partial,contagious,2,5,4,4,0
R_3JL8syp82GetC4b,4, ,1, ,5,5,52,Caucasian,2,no,V_PRM_8,V,temporary,partial,contagious,5,6,5,7,0
R_1mVFugeSXGrYG1y,3, ,1, ,7,1,26,Black,1, ,V_TIN_8,V,continuous,complete,isolated,3,5,0,6,1
R_1Hq2dHhvAs4VuyY,3, ,1, ,5,6,24,african american,1, ,V_TIN_8,V,continuous,complete,isolated,2,4,5,4,0
R_3qEgYMeYhR8MyXn,3, ,1, ,2,5,27,white,2,just that you have a great day!,V_PRM_8,V,temporary,partial,contagious,4,6,6,6,0
R_3m2eJHEhYqqMcSe,3, ,1, ,6,4,40,African-American,2,No,V_TIM_8,V,continuous,complete,contagious,2,1,1,7,0
R_3gXhVCHPzoZmtnz,3, ,1, ,2,5,37,AFRICAN AMERICAN,2, ,V_PRN_8,V,temporary,partial,isolated,4,7,7,7,0
R_28SpuOXVQYhNVQh,3, ,1, ,5,6,34,caucasion,2, ,V_PRN_8,V,temporary,partial,isolated,5,4,7,7,0
R_3Ehv3U6TvS6W4vW,5, ,2,12,6,2,56,White,1,no,V_TIM_8,V,continuous,complete,contagious,4,1,2,2,1
R_BuhEs98LSjA0qBj,3, ,1, ,2,5,27,white,2, ,V_PIN_8,V,continuous,partial,isolated,4,5,7,6,0
R_Q0QSQCKFrfE6gi5,4, ,1, ,5,1,36,Japanese American,1,No,V_PIM_8,V,continuous,partial,contagious,4,5,4,5,0
R_AaHdTf0MTHlUTLz,5, ,1, ,4,4,27,white,1,nice,V_PRM_8,V,temporary,partial,contagious,4,3,4,5,4
R_2rNhB40hocIJIeS,4, ,1, ,1,6,36,White,1, ,V_PRM_8,V,temporary,partial,contagious,3,1,4,4,0
R_3g79fgYiVQcYgmt,1, ,1, ,4,1,23,White,2, ,V_TRM_8,V,temporary,complete,contagious,5,5,0,7,0
R_3j6uVnC9hEiJF9e,3, ,1, ,3,7,58,caucasion,2,NONE,V_TIN_8,V,continuous,complete,isolated,1,4,6,7,0
R_1ltXe1U5lQGKXG1,5, ,1, ,1,7,40,white,2,No,V_TIM_8,V,continuous,complete,contagious,3,7,3,7,0
R_1M3u16x7dDIZa78,4, ,1, ,4,1,37,White,1, ,V_PIM_8,V,continuous,partial,contagious,4, ,2,6,0
R_6L29Zli4s7LzUuR,7, ,1, ,6,4,38,Caucasian,2, ,V_PIM_8,V,continuous,partial,contagious,3,7,6,5,0
R_2wnRJA3KJwowRqc,3, ,1, ,3,4,52,WHITE,2,NO,V_TRM_8,V,temporary,complete,contagious,4,5,6,2,0
R_2SIzcQIpkpkiUBD,4, ,1, ,7,6,31,white,1,no,V_TIN_8,V,continuous,complete,isolated,3,7,5,4,0
R_2uwl3C102uAYVT2,4, ,1, ,7,2,23,white,2,no,V_PRN_8,V,temporary,partial,isolated,2,3,1,5,0
R_2rOqYyXUggS4jvo,3, ,1, ,2,7,26,white,2, ,V_TIM_8,V,continuous,complete,contagious,4,6,6,6,0
R_7aiEWX1xeaOJzhL,4, ,1, ,6,3,30, ,1,Thanks.,V_PRN_8,V,temporary,partial,isolated,6,5,0,2,0
R_3oZx5WdVzPKzGu6,3, ,1, ,3,1,48,white,2,n/a,V_TIN_8,V,continuous,complete,isolated,5,6,0,7,0
R_2zeV6iENIs7Dkl4,3, ,1, ,4,2,46,White Caucasian,1,This study was interesting.,V_TIN_8,V,continuous,complete,isolated,5,5,5,7,0
R_sGwrltX3OaCWD1D,4, ,1, ,6,5,23,Caucasian,2,No,V_PIM_8,V,continuous,partial,contagious,4,5,5,5,0
R_5A6AdRTvqW09Au5,3, ,1, ,3,3,49,White,2, ,V_TIN_8,V,continuous,complete,isolated,3,6,6,7,0
R_2zezNP0ZDX0bsIH,2, ,1, ,2,3,41,White,1,Thank You,V_PIN_8,V,continuous,partial,isolated,5,6,7,5,0
R_1mF6G7T0Qvz2PfK,3, ,1, ,5,1,47,caucasian,2,no,V_TIN_8,V,continuous,complete,isolated,4,5,0,7,0
R_4UYpHRI2PUE2weZ,4, ,1, ,6,2,57,Caucasian,2, ,V_PRM_8,V,temporary,partial,contagious,3,4,0,0,0
R_2aXlntl0dZvj7xs,4, ,1, ,5,3,31,asian,2, ,V_PRM_8,V,temporary,partial,contagious,3,4,2,2,2
R_29j4FggMMLxNqwc,4, ,1, ,4,1,43,Asian,1, ,V_TIN_8,V,continuous,complete,isolated,4,6,3,4,0
R_sHzkD7zHzbaNc8V,2, ,1, ,3,1,19,White,1, ,V_PIN_8,V,continuous,partial,isolated,4,4,2,3,0
R_3Jr5NRBBNkdGP6S,5, ,1, ,4,2,28,Brazilian,2, ,V_PIN_8,V,continuous,partial,isolated,4,7,4,5,0
R_25ZVDpIRZS8Zj40,5, ,1, ,4,2,27,White,2, ,V_PIN_8,V,continuous,partial,isolated,2,5,3,6,0
R_3mgTIXVmS9SlxXU,4, ,1, ,4,5,41,White,1,None,V_PIN_8,V,continuous,partial,isolated,5,7,7,6,0
R_b94I5LFgccEZsEZ,5, ,1, ,4,1,54,Caucasian,1, ,V_TRM_8,V,temporary,complete,contagious,5,7,7,7,0
R_2OJDRdm7AWToPkD,5, ,1, ,1,1,40,white,2, ,V_PRM_8,V,temporary,partial,contagious,4,7,6,7,0
R_1NmK9fcKbPBQLfr,4, ,1, ,7,1,25,African American,2,no,V_TRN_8,V,temporary,complete,isolated,0,1,0,6,0
R_3L1LxhG7Mm1qWdo,4, ,1, ,5,2,41,Caucasian,1,no,V_TIM_8,V,continuous,complete,contagious,2,5,2,5,0
R_pbBAjVoFjRUs8AV,2, ,1, ,6,1,36,White,2,No,V_PRN_8,V,temporary,partial,isolated,3,5,2,2,0
R_23f9g7u8cnNKnxJ,4, ,1, ,1,1,28,caucasian,2,Thank you!,V_PRM_8,V,temporary,partial,contagious,4,5,5,7,0
R_2Ec8FQFyhe3Kvn1,2, ,1, ,4,6,37,Caucasian,2,No. Thank you.,V_TRM_8,V,temporary,complete,contagious,5,7,3,7,0
R_xmyN5QAVS0awqyd,2, ,1, ,1,7,58,Hispanic,1,none,V_TRN_8,V,temporary,complete,isolated,3,7,0,0,0
R_1JDTRt9z7Yets8e,5, ,1, ,6,1,57,white,2,When you asked if she felt disrespected or disobeyed I wasn't sure if you meant during the court case or by being assaulted.,V_PIM_8,V,continuous,partial,contagious,4,6,1,3,0
R_1q3fjkCZoJxPb0d,3, ,1, ,5,5,22,White,1,None,V_PRM_8,V,temporary,partial,contagious,1,6,6,7,0
R_2czIUZdhTZGyfRK,2, ,1, ,7,1,29,white,2, ,V_PIM_8,V,continuous,partial,contagious,5,7,7,7,0
R_9MqOI4adqznaa1H,3, ,1, ,7,6,42,caucasian,1,none,V_PRM_8,V,temporary,partial,contagious,5,6,7,3,0
R_12xqjc2qz90fjNu,4, ,1, ,7,1,28,White,1,No.,V_PIM_8,V,continuous,partial,contagious,4,4,3,7,0
R_3Rn0WCbauhHCDPL,4, ,1, ,6,6,52,white,2,no,V_TIN_8,V,continuous,complete,isolated,4,7,7,5,0
R_2R3s2qQq5vBBmgQ,4, ,1, ,6,7,27,Caucasian,2, ,V_TIM_8,V,continuous,complete,contagious,1,1,3,6,0
R_8GM2f7ofM6xhkQx,3, ,1, ,3,5,50,White,2, ,V_PRM_8,V,temporary,partial,contagious,5,5,7,7,0
R_2rOVSIqOeyLMNat,3, ,1, ,3,3,31,Asian,2, ,V_PRN_8,V,temporary,partial,isolated,5,5,5,5,2
R_1omP9VWeacAJVmC,3, ,1, ,4,7,21,Indian,2, ,V_PIN_8,V,continuous,partial,isolated,2,6,5,4,0
R_31mC9Hu6UXgnHWz,4, ,1, ,4,4,21,Vietnamese,2,No,V_TIN_8,V,continuous,complete,isolated,3,5,3,5,0
R_2eUWkJ4RXfKxlI2,5, ,1, ,4,6,52,African,2, ,V_PIM_8,V,continuous,partial,contagious,4,4,4,4,4
R_1cS13TpMnbodhc6,4, ,1, ,7,1,43,white,2, ,V_PIN_8,V,continuous,partial,isolated,6,5,5,5,0
R_3MFC5iSkubyizeP,4, ,1, ,3,4,26,White,1, ,V_PIN_8,V,continuous,partial,isolated,4,4, ,5,0
R_1k1c3wCrOIeNut2,2, ,1, ,7,1,35,white,2, ,V_PIN_8,V,continuous,partial,isolated,6,5,5,6,0
R_8phU9FP8N1ujl2p,5, ,1, ,4,4,29,African American,2,No,V_PIM_8,V,continuous,partial,contagious,4,4,5,6,0
R_3htM09gTlBtCGvQ,4, ,1, ,2,6,24,WHITE,2, ,V_PIN_8,V,continuous,partial,isolated,3,4,5,7,1
R_RlEh2JG8QFu8WZz,3, ,1, ,3,1,34,White,1, ,V_TRM_8,V,temporary,complete,contagious,5,7,6,4,0
R_0N6K2ztZm2L3lGV,3, ,1, ,5,4,38,African American,2,Thanks,V_PIM_8,V,continuous,partial,contagious,5,7,3,4,0
R_RKSVgiMbFqXC6dj,5, ,1, ,6,1,29,white,2, ,V_TRM_8,V,temporary,complete,contagious,3,5,1,6,0
R_2dRTVdALqkStWZ4,4, ,1, ,7,1,22,White,2, ,V_PRN_8,V,temporary,partial,isolated,3,5,0,7,0
R_2WCinVFzqAcmK0o,2,n/a,1, ,6,5,53,american/white,2,no,V_TRM_8,V,temporary,complete,contagious,1,7,5,6,0
R_3pgR1RMTqIHYaZG,5, ,2,12,4,3,40,puerto rican,2,no,V_PIN_8,V,continuous,partial,isolated,6,7,7,7,0
R_3qCdb48OATc5Yp5,3, ,1, ,5,1,20,White,1, ,V_TIM_8,V,continuous,complete,contagious,2,6,3,7,0
R_3fMMUNg7DEYijEK,4, ,1, ,7,1,25,white,2, ,V_TRN_8,V,temporary,complete,isolated,5,7,7,7,0
R_AgOsRKlPoTrxmb7,4, ,1, ,4,1,26,White,2, ,V_TRN_8,V,temporary,complete,isolated,3,5,4,6,0
R_3lE557mmrUgBYtJ,3, ,1, ,4,6,31,White,2,Thanks!,V_PIM_8,V,continuous,partial,contagious,6,7,7,7,0
R_27kbmVdJuKrdq9W,3, ,1, ,3,6,48,white,2,no,V_TIN_8,V,continuous,complete,isolated,2,5,7,7,0
R_3J9FfRwoOErYTUE,4, ,1, ,7,7,27,Caucasian,1,No thank you.,V_TIN_8,V,continuous,complete,isolated,2,7,7,6,0
R_1mJeTM8wHXYAOej,5, ,1, ,5,6,29,Caucasian,2,"No, not at this time.",V_PIN_8,V,continuous,partial,isolated,6,7,3,5,0
R_1r2NnPCBpBeCS8P,2, ,1, ,5,6,65,Black African American,2, ,V_PIN_8,V,continuous,partial,isolated,4,5,2,1,1
R_yrMNEN09J0lGQw1,5, ,1, ,4,2,58,Asian American,2, ,V_PIM_8,V,continuous,partial,contagious,2,6,5,6,0
R_VQetHs4AL509z7X,3, ,1, ,7,1,31,white,2, ,V_TRM_8,V,temporary,complete,contagious,4,6,0,7,0
R_26kzkryrI2PWRCz,4, ,1, ,5,2,35,Asian,2,Thank you.,V_PRM_8,V,temporary,partial,contagious,2,1,1,4,0
R_wYOsx07EkMAsvHb,4, ,1, ,6,1,24,white,2,no,V_TIM_8,V,continuous,complete,contagious,3,5,5,4,0
R_2PhZWUpeMCWpYFn,4, ,1, ,6,1,27,white,2, ,V_PRM_8,V,temporary,partial,contagious,5,6,1,6,0
R_215L2josf9GgJU9,4, ,1, ,3,5,62,Caucasian and 1/8 Hispanic,2, ,V_TIN_8,V,continuous,complete,isolated,3,7,1,7,0
R_1DOUeoybR3FewNL,3, ,1, ,6,1,25,white,2,no,V_PRN_8,V,temporary,partial,isolated,3,6,3,7,0
R_yPTr0461XWQI41z,5, ,1, ,7,1,32,white,1,No comments.,V_PRM_8,V,temporary,partial,contagious,4,5,4,6,0
R_1DnFycOyyARpm0B,4, ,1, ,5,5,54,White,2,No,V_PIN_8,V,continuous,partial,isolated,2,6,6,7,0
R_2whpzjuW4YPIcVi,3, ,1, ,4,1,45,Moor,1,Not at this time.,V_TIN_8,V,continuous,complete,isolated,4,7,5,7,0
R_2f0xtZJ8fp88O76,2, ,1, ,4,7,37,AMERICAN,1, ,V_TRN_8,V,temporary,complete,isolated,3,2,3,5,3
R_22mDTjRLKOPPiFJ,5, ,1, ,1,7,24,hispanic,1,Thank you!,V_TRM_8,V,temporary,complete,contagious,6,6,7,7,0
R_2400KwsCjVMFYGt,3, ,1, ,7,1,58,CAUCASIAN,2, ,V_PIM_8,V,continuous,partial,contagious,7,7,0,7,0
R_2qkh466UIDtrDx9,3, ,1, ,6,1,24,Black,2, ,V_TIM_8,V,continuous,complete,contagious,2,5,3,3,2
R_prviZPTqJFeutwd,5, ,1, ,6,1,72,caucasian,2,No,V_TIN_8,V,continuous,complete,isolated,3,6,6,6,0
R_0cC7whNoiED20Pn,4, ,1, ,7,1,31,White,1, ,V_TRM_8,V,temporary,complete,contagious,6,5,2,3,1
R_1jvyNMCMiRPqjgt,7, ,1, ,7,3,45,White,1,none,V_TIM_8,V,continuous,complete,contagious,4,7,0,7,0
R_3CPJE3n7yDFiTTP,3, ,1, ,4,1,29,American,2,No,V_TIN_8,V,continuous,complete,isolated,3,6,6,6,0
R_2z5EaEAtKNLVEu8,4, ,1, ,2,6,27,White,1, ,V_TIN_8,V,continuous,complete,isolated,3,5,6,6,0
R_1Cv9k6TTl9J8HGC,4, ,1, ,2,6,37,Black,2,none,V_PIM_8,V,continuous,partial,contagious,2,7,4,7,0
R_2dLvyuyxfHOVHbR,4, ,1, ,4,1,44,White,2,No,V_PIM_8,V,continuous,partial,contagious,2,7,6,7,0
R_3dEpZfQHbl4J1xf,3, ,1, ,4,1,23,american,2, ,V_PIM_8,V,continuous,partial,contagious,4,7,7,7,0
R_1nTH1DJkbH0BTY6,4, ,1, ,2,6,32,asian,2, ,V_PRN_8,V,temporary,partial,isolated,6,3,5,7,0
R_25XCKrbPpIg1fl7,3, ,1, ,5,2,20,WHITE,2,NO,V_PIM_8,V,continuous,partial,contagious,3,6,0,2,0
R_UA9uoSPXgBUwCT7,3, ,1, ,5,2,36,hispanic,1,no,V_PIN_8,V,continuous,partial,isolated,3,7,4,4,0
R_1IYP2deEkl3taF5,4, ,1, ,2,7,40,white,2, ,V_TRN_8,V,temporary,complete,isolated,2,6,6,6,0
R_2tbOntyxZUL2ss4,3, ,1, ,6,1,37,white,1, ,V_TRN_8,V,temporary,complete,isolated,4,2,0,5,1
R_24803pESnVRyIaG,3, ,1, ,5,6,43,white,2,no,V_TRN_8,V,temporary,complete,isolated,2,7,7,7,0
R_3hswVRK770EmmDP,4, ,1, ,6,1,34,white,1, ,V_PIN_8,V,continuous,partial,isolated,4,4,4,3,0
R_2ysfmSnLLFDCTtK,2, ,1, ,5,1,30,white,2, ,V_TRM_8,V,temporary,complete,contagious,0,6,7,6,1
R_3DnC5C0gP609oot,4, ,1, ,7,7,26,Caucasian,1, ,V_TRM_8,V,temporary,complete,contagious,7,7,7,7,0
R_UGFKHni8zmTSCsN,3, ,1, ,3,3,24,Asian,1, ,V_TRN_8,V,temporary,complete,isolated,4,4,4,4,2
R_3OhlDLkSKoxZSo1,7, ,1, ,6,2,29,Caucasian,2,No,V_TIM_8,V,continuous,complete,contagious,3,6,5,5,1
R_cO4Fss5ZEsRDVdL,3, ,1, ,7,1,33,Black,1, ,V_TRN_8,V,temporary,complete,isolated,4,6,3,6,0
R_25sx8WppldG2GP9,7, ,1, ,6,2,33,Asian,1, ,V_PRN_8,V,temporary,partial,isolated,4,5,3,4,0
R_3g1vm9vPHTmhtSs,1, ,1, ,4,1,47,caucasion,2,n/a,V_PIM_8,V,continuous,partial,contagious,7,7,0,7,0
R_3DbTiEALubTc4qi,3, ,1, ,4,7,22,Caucasian,1,No.,V_TRM_8,V,temporary,complete,contagious,2,5,0,5,0
R_Y9aOjX9gjEsGUCd,3, ,1, ,4,3,63,Caucasian,1, ,V_TRM_8,V,temporary,complete,contagious,3,5,1,2,0
R_3PofRKtLthUhSsn,4, ,1, ,3,5,21,USA,2, ,V_PRM_8,V,temporary,partial,contagious,3,7,6,5,0
R_3FKIH87zAd2PVma,3, ,1, ,3,6,45,white,1,no,V_PIM_8,V,continuous,partial,contagious,6,7,0,7,0
R_3NTZssHTwGUJUBp,3, ,1, ,1,7,45,Hispanic,1,no,V_TRN_8,V,temporary,complete,isolated,2,4,2,7,0
R_2tEbeuE4vEAC9BQ,4, ,1, ,4,1,29,White,2, ,V_TIM_8,V,continuous,complete,contagious,1,5,4,5,0
R_1QLZIouElqPcm92,3, ,1, ,5,1,25,Caucasian,1, ,V_TRM_8,V,temporary,complete,contagious,3,6,4,6,0
R_0Ims93zqxqffpD3,2, ,1, ,5,5,37,White,2,no,V_PIM_8,V,continuous,partial,contagious,4,4,0,6,1
R_2cpcyJWhYt73OVT,4, ,1, ,6,5,21,Asian,2, ,V_PRN_8,V,temporary,partial,isolated,4,7,6,6,0
R_1H2DzuHP74LT8hh,2, ,1, ,7,1,38,White,1, ,V_TRM_8,V,temporary,complete,contagious,5,6,4,4,0
R_3QXGPVxFazudFKt,5, ,1, ,2,6,41,white,2,no,V_TIM_8,V,continuous,complete,contagious,2,6,5,6,0
R_2yjA6fSaIvGwiIQ,4, ,1, ,5,2,28,white,1, ,V_TRN_8,V,temporary,complete,isolated,3,5,4,5,1
R_2AMg0yZ7ZA8uSPA,5, ,1, ,5,1,45,white,2, ,V_TRM_8,V,temporary,complete,contagious,2,6,3,6,0
R_2WTJHxPOusyTbvo,4, ,1, ,3,4,33,BLACK,1, ,V_PIM_8,V,continuous,partial,contagious,4,6,5,7,0
R_1LnSik4QnHhNZGd,4, ,1, ,7,1,55,caucasian,2,"The second question was a little unclear. Did you mean disrespected by the original attacker, or by people subsequnt to the event?",V_PIN_8,V,continuous,partial,isolated,5,5,0,7,0
R_1jvrwrnHrFYp0HE,4, ,1, ,7,1,32,White/caucasian,2, ,V_PIN_8,V,continuous,partial,isolated,3,5,0,5,0
R_Y4f8qQNa6GSKuzL,4, ,1, ,3,1,24,Chinese,1, ,V_TRM_8,V,temporary,complete,contagious,2,2,1,0,0
R_3jZZutx8bJNLtaa,4, ,1, ,4,1,34,White,1,no,V_TIM_8,V,continuous,complete,contagious,4,7,3,7,1
R_Th2qxEPy2H2LDkl,4, ,1, ,4,5,39,African-American,2,No,V_PRN_8,V,temporary,partial,isolated,7,7,0,7,0
R_3q872FP5X7FXMQG,4,BSEE,1, ,4,6,48,Irish,1,"I understand Kim. I was in Army. She has to learn the world is not a good place and she must accept things as they are and there is no ""safe"" place in this entire infinite freakin universe! Thats just the way life is. The faster you accept it, the faster ou can start to live again.",V_TRN_8,V,temporary,complete,isolated,1,3,0,5,0
R_sXr24ItAyKvPTXj,4, ,1, ,2,6,34,Caucasian,2,thanks!,V_TRN_8,V,temporary,complete,isolated,1,6,0,6,0
R_3Ofd4wbs9NnpGjR,4, ,1, ,6,2,24,white,2, ,V_PRM_8,V,temporary,partial,contagious,5,5,1,5,1
R_29ubEhgOJbFAShb,3, ,2,12,5,2,24,Asian,2, ,V_PIM_8,V,continuous,partial,contagious,4,6,7,5,0
R_1mfJIycVqsuqBeX,2, ,1, ,7,1,26,white,2, ,V_PIM_8,V,continuous,partial,contagious,3,4,6,7,0
R_1CxZCKZ8r1dquVD,3, ,1, ,2,3,21,White,1,Thanks!,V_PRN_8,V,temporary,partial,isolated,2,6,6,7,6
R_31jHkqFcIAFzlPS,3, ,1, ,6,1,44,caucasian,2,no,V_PRN_8,V,temporary,partial,isolated,4,5,5,5,0
R_1BKDFFWTSOIiUXT,4, ,1, ,3,1,33,Asian,2,none,V_PIN_8,V,continuous,partial,isolated,5,7,1,0,0
R_D78pJKVLaCnF2Zr,5, ,1, ,4,7,25,Asian,1, ,V_TRM_8,V,temporary,complete,contagious,3,7,7,6,0
R_1Ic7tkk4tJEptyT,3, ,1, ,3,4,60,White,2,no,V_TIM_8,V,continuous,complete,contagious,2,5,1,6,0
R_1osXME1mkANR8VL,4, ,1, ,4,2,46,white,2, ,V_PRM_8,V,temporary,partial,contagious,5,7,1,7,0
R_2rHNKA3mCqtNXF6,4, ,1, ,6,5,42,white,2,no,V_PRN_8,V,temporary,partial,isolated,5,4,5,7,0
R_PHdm7sikWEp0zId,3, ,1, ,3,1,33,white,1,"Have a great day, you alls!",V_PRN_8,V,temporary,partial,isolated,3,5,0,1,0
R_2agnylhNJyRu7eN,3, ,1, ,7,1,34,Caucasian,2, ,V_PRM_8,V,temporary,partial,contagious,6,7,3,6,0
R_12amY8qitVzCX7u,5, ,1, ,7,1,27,White,2,No,V_TRN_8,V,temporary,complete,isolated,2,7,4,6,0
R_3si96AcDVVxBlYB,4, ,1, ,3,6,38,white,2, ,V_TRM_8,V,temporary,complete,contagious,4,6,0,7,0
R_2ePQiDjfuNffjOI,4, ,1, ,7,4,33,white,2, ,V_TIN_8,V,continuous,complete,isolated,2,7,7,7,0
R_2RWTQJIQ6lmecD7,3, ,1, ,6,4,26,White,2, ,V_PRN_8,V,temporary,partial,isolated,5,2,3,1,0
R_2ariNGq89oKmvGL,4, ,1, ,6,3,27,White,3,Have a great day!,V_TIM_8,V,continuous,complete,contagious,4,2,5,2,5
R_cSiZ7aJ6wEL7vBD,2, ,1, ,3,2,63,white/caucasian,1,no,V_PRN_8,V,temporary,partial,isolated,4,5,5,6,0
R_1jGO6lIDJizksPP,2, ,1, ,6,5,43,white,1, ,V_TIN_8,V,continuous,complete,isolated,7,7,0,6,0
R_3PmJTXOYkfyq0Jz,4, ,2,12,4,3,23,Asian American,1, ,V_TRN_8,V,temporary,complete,isolated,3,4,2,5,1
R_ALDgIs0cuMiZA4h,4, ,1, ,7,1,30,European-American,2, ,V_TRN_8,V,temporary,complete,isolated,3,5,5,6,0
R_3iExtpH3p5JCXp9,4, ,1, ,5,6,62,white,2,GOOD LUCK!,V_PRM_8,V,temporary,partial,contagious,6,7,0,7,0
R_3qTJvPSqSa5Fb10,5, ,1, ,4,7,37,Black,1, ,V_TIM_8,V,continuous,complete,contagious,0,7,0,7,0
R_1C3M2kRIyj36MH5,4, ,1, ,1,5,46,caucasion,2, ,V_PIN_8,V,continuous,partial,isolated,5,6,3,7,1
R_1NwyoRN2uPr3YBt,2, ,1, ,4,1,40,white,1,none,V_PRM_8,V,temporary,partial,contagious,4,3,5,4,2
R_YRXLEk3wz1hq3i9,4, ,1, ,5,5,45,white,2, ,V_PRN_8,V,temporary,partial,isolated,5,7,7,5,0
R_23V9FLU3NLSRnuE,4, ,1, ,4,5,29,African-American,1, ,V_PIM_8,V,continuous,partial,contagious,7,7,7,7,1
R_3p2SLvUH5H0sdQJ,3, ,1, ,3,1,42,white,2, ,V_TRM_8,V,temporary,complete,contagious,3,2,4,7,0
R_3oYFXuiO24EpgVT,3, ,1, ,5,1,39,White/Caucasian,1,NA,V_PRM_8,V,temporary,partial,contagious,6,7,0,7,0
R_10p9BMSTXxa89Jg,3, ,1, ,3,7,29,Native American,1,none,V_PIM_8,V,continuous,partial,contagious,3,6,6,7,2
R_6QFKW4kUmBqvR3X,3, ,1, ,7,4,36,Black American,2, ,V_PRM_8,V,temporary,partial,contagious,5,5,0,7,0
R_rp8zED1kLqXyNmp,3, ,1, ,2,6,60,White,2, ,V_PRN_8,V,temporary,partial,isolated,6,6,7,7,0
R_vw21JfH1cwIa4dH,3, ,1, ,6,4,46,White,2, ,V_TRN_8,V,temporary,complete,isolated,4,5,2,0,0
R_3qxpd6BojI9aRwq,3, ,1, ,5,2,25,Asian,1, ,V_PIM_8,V,continuous,partial,contagious,4,2,2,1,0
R_10ubgz8W8DJK0Va,4, ,1, ,5,4,29,white,2, ,V_PRN_8,V,temporary,partial,isolated,3,0,0,7,0
R_2bZBb1qlPjfn7ca,3, ,1, ,6,2,19,White,1,No :),V_TRM_8,V,temporary,complete,contagious,1,0,0,7,0
R_2ByCTccp3YGDpMz,4, ,1, ,5,1,26,Asian,2, ,V_TRN_8,V,temporary,complete,isolated,2,7,7,7,0
R_07IE3qNkz9rVU3L,4, ,1, ,4,1,33,Asian,1, ,V_PIN_8,V,continuous,partial,isolated,6,7,7,7,0
R_3rHzzDWrd2bfjTP,3, ,1, ,2,6,20,caucasian,2, ,V_PIN_8,V,continuous,partial,isolated,5,5,5,6,0
R_3qed6Bgjb73P7uo,3, ,1, ,7,1,20,White,2, ,V_PRM_8,V,temporary,partial,contagious,5,7,0,6,0
R_2t4G2ga09LncpLW,3, ,1, ,7,1,22,White,2,no,V_TRN_8,V,temporary,complete,isolated,2,5,4,6,0
R_2rX6y8TwqDSuooh,4, ,1, ,5,2,42,Caucasian,1, ,V_TRM_8,V,temporary,complete,contagious,5,5,1,5,1
R_2EnU3ZmKFbmj4mq,4, ,1, ,6,1,31,Korean,2,NA,V_TIN_8,V,continuous,complete,isolated,0,7,7,7,0
R_2abLYGtgFNB0NHJ,3, ,1, ,6,3,19,White/Caucasian,2, ,V_TIN_8,V,continuous,complete,isolated,2,5,6,4,0
R_pmk4oaTjrpBuheF,5, ,2,12,5,2,44,caucasian,2,No,V_TIN_8,V,continuous,complete,isolated,4,5,4,6,1
R_1hMtEleIclNZD8X,5, ,1, ,2,6,28,Caucasian,2,NA,V_TRN_8,V,temporary,complete,isolated,1,6,5,7,0
R_2s0HiaIUPmZLlMR,3, ,1, ,2,5,42, white,2,no,V_PRM_8,V,temporary,partial,contagious,2,6,6,5,0
R_eR8tsRuOejAQuxr,2, ,1, ,5,1,51,White,2,No,V_TIM_8,V,continuous,complete,contagious,4,7,7,7,0
R_r0yP03vmq8xLnR7,3, ,1, ,3,3,37,Multiracial,1, ,V_PIN_8,V,continuous,partial,isolated,6,7,7,7,0
R_2XpTMuo9Mmyqy21,4, ,1, ,5,2,31,Caucasian,1, ,V_TRM_8,V,temporary,complete,contagious,1,5,5,5,0
R_3qxlV7ccLEbdcBG,2, ,1, ,4,1,27,Caucasian,2,No comments or suggestions that I can think of.,V_TIM_8,V,continuous,complete,contagious,6,7,5,7,0
R_2yemwj6wGkn5Pj4,4, ,1, ,4,1,34,asian,1, ,V_TIM_8,V,continuous,complete,contagious,3,6,1,6,0
R_1laVc2Wpy5OIc6w,4, ,1, ,1,7,30,Caucasian,1,na,V_TRM_8,V,temporary,complete,contagious,5,6,3,7,0
R_3HizfAzSeby60LU,4, ,1, ,6,2,23,Caucasian,2,I perceived tainted/contaminated as being negatively affected by the mugging,V_TRM_8,V,temporary,complete,contagious,5,5,4,3,0
R_AtfS5Y9NN15kb7z,5, ,1, ,5,1,31,White,1, ,V_PRM_8,V,temporary,partial,contagious,5,7,2,7,0
R_2RP3DjqT63gMlWO,8,Associate Degree,1, ,4,6,25,White,2,No,V_TIM_8,V,continuous,complete,contagious,2,5,6,7,0
R_3L5fo2o3ZmcXRLN,3, ,1, ,6,1,27,White,1, ,V_PIM_8,V,continuous,partial,contagious,4,3,2,3,3
R_3s1i2UQZH09vu1c,4, ,1, ,6,5,42,Anglo,2,No,V_PIN_8,V,continuous,partial,isolated,5,6,1,7,1
R_ZdyXh6RvBE1D7zz,5, ,1, ,6,1,43,caucasian,2, ,V_PIN_8,V,continuous,partial,isolated,3,7,5,6,0
R_2y2uhDGKxfIpgM7,4,middle eastern and white,1, ,7,1,32,middle eastern and white,1,no,V_PIN_8,V,continuous,partial,isolated,4,5,0,7,0
R_2WVcmsp0mojv7ue,4, ,1, ,4,2,41,White,2,no,V_TIN_8,V,continuous,complete,isolated,4,6,7,7,0
R_BLZPNqymAkjOUKJ,5, ,1, ,6,1,28,White,1, ,V_TRM_8,V,temporary,complete,contagious,3,5,0,6,0
R_D1M4gEs4nOs2gVj,4, ,2,12,4,6,36,Asian,2,Thanks,V_TIN_8,V,continuous,complete,isolated,1,6,7,7,0
R_1jkobYhnLww2s8a,2, ,1, ,1,7,39,Caucasian,2,Thank You,V_TIM_8,V,continuous,complete,contagious,5,7,7,7,0
R_0H8SqgzeX82M3ER,3, ,1, ,4,5,30,black,2, ,V_TIN_8,V,continuous,complete,isolated,3,3,0,5,0
R_STTwmX2fktPLJJv,4, ,1, ,7,1,51,White,2, ,V_TRM_8,V,temporary,complete,contagious,4,7,6,7,0
R_vuzE9WHvkif90Tn,3, ,1, ,7,2,29,Hispanic,1, ,V_PRM_8,V,temporary,partial,contagious,3,6,5,6,0
R_u4BajFO831F0ILf,4, ,1, ,6,1,67,Caucasian,1, ,V_TRM_8,V,temporary,complete,contagious,4,6,4,6,1
R_DDmvqCpxm3Y4iMF,4, ,1, ,4,6,19,White,1,good,V_TRM_8,V,temporary,complete,contagious,4,5,5,3,5
R_2bQbMc6KxlfwctT,3, ,1, ,6,4,23,Hispanic/Asian,2, ,V_PIN_8,V,continuous,partial,isolated,3,6,3,6,0
R_12te8hFGcWHBn32,2, ,1, ,4,6,58,Asian,2,No,V_TRN_8,V,temporary,complete,isolated,3,5,4,6,0
R_syWCt25fqi3P33P,4, ,1, ,7,4,34,White,1, ,V_TRM_8,V,temporary,complete,contagious,7,7,7,7,0
R_2qDUM1LGRCYmTzU,5, ,1, ,5,2,47,white,1,There was no detail on how she was hurt.  I assume psychologically but no detail of physical injuries.  May not matter for survey reasons.  Thank you!,V_PIN_8,V,continuous,partial,isolated,6,5,7,7,0
R_240fVFIjGKxm4ZA,3, ,1, ,3,2,22,white,2, ,V_TRN_8,V,temporary,complete,isolated,4,5,5,5,2
R_skiZao4wKwsuGGJ,2, ,1, ,4,5,37,white,2, ,V_TRN_8,V,temporary,complete,isolated,2,5,5,5,0
R_BtZSizWXspk6wTf,4, ,1, ,3,1,28, ,2, ,V_TIN_8,V,continuous,complete,isolated,4,5,5,6,0
R_2YhXXM9yaoSf4eo,5, ,1, ,6,7,28,Hispanic,2,Great study!,V_TIN_8,V,continuous,complete,isolated,2,7,0,7,0
R_3hhxNTBzr7NUaTS,3, ,1, ,7,1,28,White,1, ,V_TRN_8,V,temporary,complete,isolated,6,6,3,7,0
R_2VJGZ8ElATwJDSB,3, ,1, ,4,1,26,Asian,1,no comments,V_TIN_8,V,continuous,complete,isolated,4,6,5,5,0
R_24Mgr9Owho7mq6V,4, ,1, ,3,1,27,Caucasian,1, ,V_TIM_8,V,continuous,complete,contagious,6,6,5,7,0
R_3O3mJzhrTHkpzof,1, ,1, ,6,5,72,latino,1,just say thanks,V_TRN_8,V,temporary,complete,isolated,6,4,5,4,0
R_2aEu75Q8SbP0iq8,3, ,1, ,5,4,60,filipino,2, ,V_TRN_8,V,temporary,complete,isolated,3,5,5,0,0
R_23Wa9KaJgvD8D5x,5, ,1, ,4,4,44,caucasian,1,"Kind of hard to assign blame in a mugging if I don't know the complete circumstances, and I say this as someone who's avoided a few mugging attempts over the years because I was paying attention.",V_PRM_8,V,temporary,partial,contagious,4,5,4,4,3
R_3pncT9skuav1McA,3, ,1, ,4,4,21,African American,2, ,V_TRN_8,V,temporary,complete,isolated,5,7,7,7,0
R_3lQcVxr5IdiyLxO,4, ,1, ,5,1,34,African American,1,no,V_PRM_8,V,temporary,partial,contagious,5,6,4,7,0
R_2sbfj9StS81R4G6,3, ,1, ,6,1,43,Caucasion,1,N/A,V_TIN_8,V,continuous,complete,isolated,4,5,5,5,0
